,tickerlist,invest_grades,timestamps,past_price,current_price
0,AACG,,,,
1,AACQ,,,,
2,AACQU,,,,
3,AACQW,,,,
4,AAL,,,,
5,AAME,,,,
6,AAOI,,,,
7,AAON,,,,
8,AAPL,,,,
9,AAWW,,,,
10,AAXJ,,,,
11,AAXN,,,,
12,ABCB,,,,
13,ABCM,,,,
14,ABEO,,,,
15,ABIO,,,,
16,ABMD,,,,
17,ABST,,,,
18,ABTX,,,,
19,ABUS,,,,
20,ACACU,,,,
21,ACAD,,,,
22,ACAM,,,,
23,ACAMU,,,,
24,ACAMW,,,,
25,ACBI,,,,
26,ACCD,,,,
27,ACER,,,,
28,ACET,,,,
29,ACEV,,,,
30,ACEVU,,,,
31,ACEVW,,,,
32,ACGL,,,,
33,ACGLO,,,,
34,ACGLP,,,,
35,ACHC,,,,
36,ACHV,,,,
37,ACIA,,,,
38,ACIU,,,,
39,ACIW,,,,
40,ACLS,,,,
41,ACMR,,,,
42,ACNB,,,,
43,ACOR,,,,
44,ACRS,,,,
45,ACRX,,,,
46,ACST,,,,
47,ACTCU,,,,
48,ACTG,,,,
49,ACWI,,,,
50,ACWX,,,,
51,ADAP,,,,
52,ADBE,,,,
53,ADES,,,,
54,ADI,,,,
55,ADIL,,,,
56,ADILW,,,,
57,ADMA,,,,
58,ADMP,,,,
59,ADMS,,,,
60,ADOCU,,,,
61,ADP,,,,
62,ADPT,,,,
63,ADRE,,,,
64,ADSK,,,,
65,ADTN,,,,
66,ADTX,,,,
67,ADUS,,,,
68,ADV,,,,
69,ADVM,,,,
70,ADVWW,,,,
71,ADXN,,,,
72,ADXS,,,,
73,AEGN,,,,
74,AEHL,,,,
75,AEHR,,,,
76,AEIS,,,,
77,AEMD,,,,
78,AEP,,,,
79,AEPPL,,,,
80,AEPPZ,,,,
81,AERI,,,,
82,AESE,,,,
83,AEY,,,,
84,AEYE,,,,
85,AEZS,,,,
86,AFIB,,,,
87,AFIN,,,,
88,AFINP,,,,
89,AFMD,,,,
90,AFYA,,,,
91,AGBA,,,,
92,AGBAR,,,,
93,AGBAU,,,,
94,AGBAW,,,,
95,AGCUU,,,,
96,AGEN,,,,
97,AGFS,,,,
98,AGIO,,,,
99,AGLE,,,,
100,AGMH,,,,
101,AGNC,,,,
102,AGNCM,,,,
103,AGNCN,,,,
104,AGNCO,,,,
105,AGNCP,,,,
106,AGRX,,,,
107,AGTC,,,,
108,AGYS,,,,
109,AGZD,,,,
110,AHAC,,,,
111,AHACU,,,,
112,AHACW,,,,
113,AHCO,,,,
114,AHPI,,,,
115,AIA,,,,
116,AIH,,,,
117,AIHS,,,,
118,AIKI,,,,
119,AIMC,,,,
120,AINV,,,,
121,AIQ,,,,
122,AIRG,,,,
123,AIRR,,,,
124,AIRT,,,,
125,AIRTP,,,,
126,AIRTW,,,,
127,AKAM,,,,
128,AKBA,,,,
129,AKER,,,,
130,AKRO,,,,
131,AKTS,,,,
132,AKTX,,,,
133,AKU,,,,
134,AKUS,,,,
135,ALAC,,,,
136,ALACR,,,,
137,ALACU,,,,
138,ALACW,,,,
139,ALBO,,,,
140,ALCO,,,,
141,ALDX,,,,
142,ALEC,,,,
143,ALGM,,,,
144,ALGN,,,,
145,ALGS,,,,
146,ALGT,,,,
147,ALIM,,,,
148,ALJJ,,,,
149,ALKS,,,,
150,ALLK,,,,
151,ALLO,,,,
152,ALLT,,,,
153,ALNA,,,,
154,ALNY,,,,
155,ALOT,,,,
156,ALPN,,,,
157,ALRM,,,,
158,ALRN,,,,
159,ALRS,,,,
160,ALSK,,,,
161,ALT,,,,
162,ALTA,,,,
163,ALTM,,,,
164,ALTR,,,,
165,ALTY,,,,
166,ALVR,,,,
167,ALXN,,,,
168,ALXO,,,,
169,ALYA,,,,
170,AMAL,,,,
171,AMAT,,,,
172,AMBA,,,,
173,AMCA,,,,
174,AMCI,,,,
175,AMCIU,,,,
176,AMCIW,,,,
177,AMCX,,,,
178,AMD,,,,
179,AMED,,,,
180,AMEH,,,,
181,AMGN,,,,
182,AMHC,,,,
183,AMHCU,,,,
184,AMHCW,,,,
185,AMKR,,,,
186,AMNB,,,,
187,AMOT,,,,
188,AMPH,,,,
189,AMRB,,,,
190,AMRH,,,,
191,AMRHW,,,,
192,AMRK,,,,
193,AMRN,,,,
194,AMRS,,,,
195,AMSC,,,,
196,AMSF,,,,
197,AMST,,,,
198,AMSWA,,,,
199,AMTB,,,,
200,AMTBB,,,,
201,AMTI,,,,
202,AMTX,,,,
203,AMWD,,,,
204,AMYT,,,,
205,AMZN,,,,
206,ANAB,,,,
207,ANAT,,,,
208,ANCN,,,,
209,ANDA,,,,
210,ANDAR,,,,
211,ANDAU,,,,
212,ANDAW,,,,
213,ANDE,,,,
214,ANGI,,,,
215,ANGL,,,,
216,ANGO,,,,
217,ANIK,,,,
218,ANIP,,,,
219,ANIX,,,,
220,ANNX,,,,
221,ANPC,,,,
222,ANSS,,,,
223,ANTE,,,,
224,ANY,,,,
225,AOSL,,,,
226,AOUT,,,,
227,APA,,,,
228,APDN,,,,
229,APEI,,,,
230,APEN,,,,
231,APHA,,,,
232,API,,,,
233,APLS,,,,
234,APLT,,,,
235,APM,,,,
236,APOG,,,,
237,APOP,,,,
238,APOPW,,,,
239,APPF,,,,
240,APPN,,,,
241,APPS,,,,
242,APRE,,,,
243,APTO,,,,
244,APTX,,,,
245,APVO,,,,
246,APWC,,,,
247,APXT,,,,
248,APXTU,,,,
249,APXTW,,,,
250,APYX,,,,
251,AQB,,,,
252,AQMS,,,,
253,AQST,,,,
254,ARAV,,,,
255,ARAY,,,,
256,ARCB,,,,
257,ARCC,,,,
258,ARCE,,,,
259,ARCT,,,,
260,ARDS,,,,
261,ARDX,,,,
262,AREC,,,,
263,ARGX,,,,
264,ARKR,,,,
265,ARLP,,,,
266,ARNA,,,,
267,AROW,,,,
268,ARPO,,,,
269,ARQT,,,,
270,ARRY,,,,
271,ARTL,,,,
272,ARTLW,,,,
273,ARTNA,,,,
274,ARTW,,,,
275,ARVN,,,,
276,ARWR,,,,
277,ARYA,,,,
278,ASET,,,,
279,ASLN,,,,
280,ASMB,,,,
281,ASML,,,,
282,ASND,,,,
283,ASO,,,,
284,ASPS,,,,
285,ASPU,,,,
286,ASRT,,,,
287,ASRV,,,,
288,ASRVP,,,,
289,ASTC,,,,
290,ASTE,,,,
291,ASUR,,,,
292,ASYS,,,,
293,ATAX,,,,
294,ATCX,,,,
295,ATCXW,,,,
296,ATEC,,,,
297,ATEX,,,,
298,ATHA,,,,
299,ATHE,,,,
300,ATHX,,,,
301,ATIF,,,,
302,ATLC,,,,
303,ATLO,,,,
304,ATNF,,,,
305,ATNFW,,,,
306,ATNI,,,,
307,ATNX,,,,
308,ATOM,,,,
309,ATOS,,,,
310,ATRA,,,,
311,ATRC,,,,
312,ATRI,,,,
313,ATRO,,,,
314,ATRS,,,,
315,ATSG,,,,
316,ATVI,,,,
317,ATXI,,,,
318,AUB,,,,
319,AUBAP,,,,
320,AUBN,,,,
321,AUDC,,,,
322,AUPH,,,,
323,AUTL,,,,
324,AUTO,,,,
325,AUVI,,,,
326,AVAV,,,,
327,AVCO,,,,
328,AVCT,,,,
329,AVCTW,,,,
330,AVDL,,,,
331,AVEO,,,,
332,AVGO,,,,
333,AVGOP,,,,
334,AVGR,,,,
335,AVID,,,,
336,AVIR,,,,
337,AVNW,,,,
338,AVO,,,,
339,AVRO,,,,
340,AVT,,,,
341,AVXL,,,,
342,AWH,,,,
343,AWRE,,,,
344,AXAS,,,,
345,AXDX,,,,
346,AXGN,,,,
347,AXLA,,,,
348,AXNX,,,,
349,AXSM,,,,
350,AXTI,,,,
351,AY,,,,
352,AYLA,,,,
353,AYRO,,,,
354,AYTU,,,,
355,AZN,,,,
356,AZPN,,,,
357,AZRX,,,,
358,AZYO,,,,
359,BAND,,,,
360,BANF,,,,
361,BANFP,,,,
362,BANR,,,,
363,BANX,,,,
364,BASI,,,,
365,BATRA,,,,
366,BATRK,,,,
367,BBBY,,,,
368,BBCP,,,,
369,BBGI,,,,
370,BBH,,,,
371,BBI,,,,
372,BBIG,,,,
373,BBIO,,,,
374,BBQ,,,,
375,BBSI,,,,
376,BCBP,,,,
377,BCDA,,,,
378,BCDAW,,,,
379,BCEL,,,,
380,BCLI,,,,
381,BCML,,,,
382,BCOR,,,,
383,BCOV,,,,
384,BCOW,,,,
385,BCPC,,,,
386,BCRX,,,,
387,BCTG,,,,
388,BCYC,,,,
389,BDGE,,,,
390,BDSI,,,,
391,BDSX,,,,
392,BDTX,,,,
393,BEAM,,,,
394,BEAT,,,,
395,BECN,,,,
396,BEEM,,,,
397,BEEMW,,,,
398,BELFA,,,,
399,BELFB,,,,
400,BFC,,,,
401,BFIN,,,,
402,BFIT,,,,
403,BFRA,,,,
404,BFST,,,,
405,BGCP,,,,
406,BGFV,,,,
407,BGNE,,,,
408,BGRN,,,,
409,BHAT,,,,
410,BHF,,,,
411,BHFAL,,,,
412,BHFAO,,,,
413,BHFAP,,,,
414,BHSEU,,,,
415,BHTG,,,,
416,BIB,,,,
417,BICK,,,,
418,BIDU,,,,
419,BIGC,,,,
420,BIIB,,,,
421,BILI,,,,
422,BIMI,,,,
423,BIOC,,,,
424,BIOL,,,,
425,BIS,,,,
426,BIVI,,,,
427,BJK,,,,
428,BJRI,,,,
429,BKCC,,,,
430,BKEP,,,,
431,BKEPP,,,,
432,BKNG,,,,
433,BKSC,,,,
434,BKYI,,,,
435,BL,,,,
436,BLBD,,,,
437,BLCM,,,,
438,BLCN,,,,
439,BLCT,,,,
440,BLDP,,,,
441,BLDR,,,,
442,BLFS,,,,
443,BLI,,,,
444,BLIN,,,,
445,BLKB,,,,
446,BLMN,,,,
447,BLNK,,,,
448,BLNKW,,,,
449,BLPH,,,,
450,BLRX,,,,
451,BLSA,,,,
452,BLU,,,,
453,BLUE,,,,
454,BMCH,,,,
455,BMLP,,,,
456,BMRA,,,,
457,BMRC,,,,
458,BMRN,,,,
459,BMTC,,,,
460,BND,,,,
461,BNDW,,,,
462,BNDX,,,,
463,BNFT,,,,
464,BNGO,,,,
465,BNGOW,,,,
466,BNR,,,,
467,BNSO,,,,
468,BNTC,,,,
469,BNTX,,,,
470,BOCH,,,,
471,BOKF,,,,
472,BOKFL,,,,
473,BOMN,,,,
474,BOOM,,,,
475,BOSC,,,,
476,BOTJ,,,,
477,BOTZ,,,,
478,BOWX,,,,
479,BOWXU,,,,
480,BOWXW,,,,
481,BOXL,,,,
482,BPFH,,,,
483,BPMC,,,,
484,BPOP,,,,
485,BPOPM,,,,
486,BPOPN,,,,
487,BPRN,,,,
488,BPTH,,,,
489,BPY,,,,
490,BPYPN,,,,
491,BPYPO,,,,
492,BPYPP,,,,
493,BPYU,,,,
494,BPYUP,,,,
495,BRID,,,,
496,BRKL,,,,
497,BRKR,,,,
498,BRKS,,,,
499,BRLI,,,,
500,BRLIR,,,,
501,BRLIU,,,,
502,BRLIW,,,,
503,BROG,,,,
504,BROGW,,,,
505,BRP,,,,
506,BRPA,,,,
507,BRPAR,,,,
508,BRPAU,,,,
509,BRPAW,,,,
510,BRQS,,,,
511,BRY,,,,
512,BSAE,,,,
513,BSBE,,,,
514,BSBK,,,,
515,BSCE,,,,
516,BSCK,,,,
517,BSCL,,,,
518,BSCM,,,,
519,BSCN,,,,
520,BSCO,,,,
521,BSCP,,,,
522,BSCQ,,,,
523,BSCR,,,,
524,BSCS,,,,
525,BSCT,,,,
526,BSCU,,,,
527,BSDE,,,,
528,BSET,,,,
529,BSGM,,,,
530,BSJK,,,,
531,BSJL,,,,
532,BSJM,,,,
533,BSJN,,,,
534,BSJO,,,,
535,BSJP,,,,
536,BSJQ,,,,
537,BSJR,,,,
538,BSJS,,,,
539,BSML,,,,
540,BSMM,,,,
541,BSMN,,,,
542,BSMO,,,,
543,BSMP,,,,
544,BSMQ,,,,
545,BSMR,,,,
546,BSMS,,,,
547,BSMT,,,,
548,BSMU,,,,
549,BSQR,,,,
550,BSRR,,,,
551,BSTC,,,,
552,BSVN,,,,
553,BSY,,,,
554,BTAI,,,,
555,BTAQ,,,,
556,BTAQU,,,,
557,BTAQW,,,,
558,BTBT,,,,
559,BTEC,,,,
560,BTWNU,,,,
561,BUG,,,,
562,BUSE,,,,
563,BVXV,,,,
564,BWACU,,,,
565,BWAY,,,,
566,BWB,,,,
567,BWEN,,,,
568,BWFG,,,,
569,BWMX,,,,
570,BXRX,,,,
571,BYFC,,,,
572,BYND,,,,
573,BYSI,,,,
574,BZUN,,,,
575,CAAS,,,,
576,CABA,,,,
577,CAC,,,,
578,CACC,,,,
579,CACG,,,,
580,CAKE,,,,
581,CALA,,,,
582,CALB,,,,
583,CALM,,,,
584,CALT,,,,
585,CAMP,,,,
586,CAMT,,,,
587,CAN,,,,
588,CAPA,,,,
589,CAPAU,,,,
590,CAPAW,,,,
591,CAPR,,,,
592,CAR,,,,
593,CARA,,,,
594,CARE,,,,
595,CARG,,,,
596,CARV,,,,
597,CARZ,,,,
598,CASA,,,,
599,CASH,,,,
600,CASI,,,,
601,CASS,,,,
602,CASY,,,,
603,CATB,,,,
604,CATC,,,,
605,CATH,,,,
606,CATM,,,,
607,CATY,,,,
608,CBAN,,,,
609,CBAT,,,,
610,CBAY,,,,
611,CBFV,,,,
612,CBIO,,,,
613,CBLI,,,,
614,CBMB,,,,
615,CBMG,,,,
616,CBNK,,,,
617,CBPO,,,,
618,CBRL,,,,
619,CBSH,,,,
620,CBTX,,,,
621,CCAP,,,,
622,CCB,,,,
623,CCBG,,,,
624,CCCC,,,,
625,CCD,,,,
626,CCLP,,,,
627,CCMP,,,,
628,CCNC,,,,
629,CCNE,,,,
630,CCNEP,,,,
631,CCOI,,,,
632,CCRC,,,,
633,CCRN,,,,
634,CCXI,,,,
635,CD,,,,
636,CDAK,,,,
637,CDC,,,,
638,CDEV,,,,
639,CDK,,,,
640,CDL,,,,
641,CDLX,,,,
642,CDMO,,,,
643,CDMOP,,,,
644,CDNA,,,,
645,CDNS,,,,
646,CDTX,,,,
647,CDW,,,,
648,CDXC,,,,
649,CDXS,,,,
650,CDZI,,,,
651,CECE,,,,
652,CEFA,,,,
653,CELC,,,,
654,CELH,,,,
655,CEMI,,,,
656,CENT,,,,
657,CENTA,,,,
658,CENX,,,,
659,CERC,,,,
660,CERE,,,,
661,CEREW,,,,
662,CERN,,,,
663,CERS,,,,
664,CETX,,,,
665,CETXP,,,,
666,CETXW,,,,
667,CEVA,,,,
668,CEY,,,,
669,CEZ,,,,
670,CFA,,,,
671,CFACU,,,,
672,CFB,,,,
673,CFBI,,,,
674,CFBK,,,,
675,CFFI,,,,
676,CFFN,,,,
677,CFII,,,,
678,CFIIU,,,,
679,CFIIW,,,,
680,CFMS,,,,
681,CFO,,,,
682,CFRX,,,,
683,CG,,,,
684,CGBD,,,,
685,CGC,,,,
686,CGEN,,,,
687,CGIX,,,,
688,CGNX,,,,
689,CGO,,,,
690,CGRO,,,,
691,CGROU,,,,
692,CGROW,,,,
693,CHB,,,,
694,CHCI,,,,
695,CHCO,,,,
696,CHDN,,,,
697,CHEF,,,,
698,CHEK,,,,
699,CHEKZ,,,,
700,CHFS,,,,
701,CHI,,,,
702,CHKP,,,,
703,CHMA,,,,
704,CHMG,,,,
705,CHNA,,,,
706,CHNG,,,,
707,CHNGU,,,,
708,CHNR,,,,
709,CHPM,,,,
710,CHPMU,,,,
711,CHPMW,,,,
712,CHRS,,,,
713,CHRW,,,,
714,CHSCL,,,,
715,CHSCM,,,,
716,CHSCN,,,,
717,CHSCO,,,,
718,CHSCP,,,,
719,CHTR,,,,
720,CHUY,,,,
721,CHW,,,,
722,CHY,,,,
723,CIBR,,,,
724,CID,,,,
725,CIDM,,,,
726,CIGI,,,,
727,CIH,,,,
728,CIIC,,,,
729,CIICU,,,,
730,CIICW,,,,
731,CIL,,,,
732,CINF,,,,
733,CIVB,,,,
734,CIZ,,,,
735,CIZN,,,,
736,CJJD,,,,
737,CKPT,,,,
738,CLAR,,,,
739,CLBK,,,,
740,CLBS,,,,
741,CLCT,,,,
742,CLDB,,,,
743,CLDX,,,,
744,CLEU,,,,
745,CLFD,,,,
746,CLGN,,,,
747,CLIR,,,,
748,CLLS,,,,
749,CLMT,,,,
750,CLNE,,,,
751,CLOU,,,,
752,CLPS,,,,
753,CLPT,,,,
754,CLRB,,,,
755,CLRBZ,,,,
756,CLRG,,,,
757,CLRO,,,,
758,CLSD,,,,
759,CLSK,,,,
760,CLSN,,,,
761,CLVS,,,,
762,CLWT,,,,
763,CLXT,,,,
764,CMBM,,,,
765,CMCO,,,,
766,CMCSA,,,,
767,CMCT,,,,
768,CMCTP,,,,
769,CME,,,,
770,CMFNL,,,,
771,CMLF,,,,
772,CMLFU,,,,
773,CMLFW,,,,
774,CMLS,,,,
775,CMPI,,,,
776,CMPR,,,,
777,CMPS,,,,
778,CMRX,,,,
779,CMTL,,,,
780,CNBKA,,,,
781,CNCE,,,,
782,CNCR,,,,
783,CNDT,,,,
784,CNET,,,,
785,CNFR,,,,
786,CNFRL,,,,
787,CNNB,,,,
788,CNOB,,,,
789,CNSL,,,,
790,CNSP,,,,
791,CNST,,,,
792,CNTG,,,,
793,CNTY,,,,
794,CNXCV,,,,
795,CNXN,,,,
796,COCP,,,,
797,CODA,,,,
798,CODX,,,,
799,COFS,,,,
800,COGT,,,,
801,COHR,,,,
802,COHU,,,,
803,COKE,,,,
804,COLB,,,,
805,COLL,,,,
806,COLM,,,,
807,COMM,,,,
808,COMT,,,,
809,CONE,,,,
810,CONN,,,,
811,CONXU,,,,
812,COOP,,,,
813,CORE,,,,
814,CORT,,,,
815,COST,,,,
816,COUP,,,,
817,COWN,,,,
818,COWNL,,,,
819,COWNZ,,,,
820,CPAH,,,,
821,CPHC,,,,
822,CPIX,,,,
823,CPLP,,,,
824,CPRT,,,,
825,CPRX,,,,
826,CPSH,,,,
827,CPSI,,,,
828,CPSS,,,,
829,CPST,,,,
830,CPTA,,,,
831,CPTAG,,,,
832,CPTAL,,,,
833,CPZ,,,,
834,CRAI,,,,
835,CRBP,,,,
836,CRDF,,,,
837,CREE,,,,
838,CREG,,,,
839,CRESY,,,,
840,CREX,,,,
841,CREXW,,,,
842,CRIS,,,,
843,CRMT,,,,
844,CRNC,,,,
845,CRNT,,,,
846,CRNX,,,,
847,CRON,,,,
848,CROX,,,,
849,CRSA,,,,
850,CRSAU,,,,
851,CRSAW,,,,
852,CRSP,,,,
853,CRSR,,,,
854,CRTD,,,,
855,CRTDW,,,,
856,CRTO,,,,
857,CRTX,,,,
858,CRUS,,,,
859,CRVL,,,,
860,CRVS,,,,
861,CRWD,,,,
862,CRWS,,,,
863,CSA,,,,
864,CSB,,,,
865,CSBR,,,,
866,CSCO,,,,
867,CSCW,,,,
868,CSF,,,,
869,CSGP,,,,
870,CSGS,,,,
871,CSII,,,,
872,CSIQ,,,,
873,CSML,,,,
874,CSOD,,,,
875,CSPI,,,,
876,CSQ,,,,
877,CSSE,,,,
878,CSSEN,,,,
879,CSSEP,,,,
880,CSTE,,,,
881,CSTL,,,,
882,CSTR,,,,
883,CSWC,,,,
884,CSWCL,,,,
885,CSWI,,,,
886,CSX,,,,
887,CTAS,,,,
888,CTBI,,,,
889,CTEC,,,,
890,CTG,,,,
891,CTHR,,,,
892,CTIB,,,,
893,CTIC,,,,
894,CTMX,,,,
895,CTRE,,,,
896,CTRM,,,,
897,CTRN,,,,
898,CTSH,,,,
899,CTSO,,,,
900,CTXR,,,,
901,CTXRW,,,,
902,CTXS,,,,
903,CUBA,,,,
904,CUE,,,,
905,CURI,,,,
906,CURIW,,,,
907,CUTR,,,,
908,CVAC,,,,
909,CVBF,,,,
910,CVCO,,,,
911,CVCY,,,,
912,CVET,,,,
913,CVGI,,,,
914,CVGW,,,,
915,CVLG,,,,
916,CVLT,,,,
917,CVLY,,,,
918,CVV,,,,
919,CWBC,,,,
920,CWBR,,,,
921,CWCO,,,,
922,CWST,,,,
923,CXDC,,,,
924,CXDO,,,,
925,CXSE,,,,
926,CYAD,,,,
927,CYAN,,,,
928,CYBE,,,,
929,CYBR,,,,
930,CYCC,,,,
931,CYCCP,,,,
932,CYCN,,,,
933,CYRN,,,,
934,CYRX,,,,
935,CYTK,,,,
936,CZNC,,,,
937,CZR,,,,
938,CZWI,,,,
939,DADA,,,,
940,DAIO,,,,
941,DAKT,,,,
942,DALI,,,,
943,DARE,,,,
944,DAX,,,,
945,DBDRU,,,,
946,DBVT,,,,
947,DBX,,,,
948,DCOM,,,,
949,DCOMP,,,,
950,DCPH,,,,
951,DCRBU,,,,
952,DCT,,,,
953,DCTH,,,,
954,DDIV,,,,
955,DDOG,,,,
956,DEMZ,,,,
957,DENN,,,,
958,DFFN,,,,
959,DFHT,,,,
960,DFHTU,,,,
961,DFHTW,,,,
962,DFNL,,,,
963,DFPH,,,,
964,DFPHU,,,,
965,DFPHW,,,,
966,DGICA,,,,
967,DGICB,,,,
968,DGII,,,,
969,DGLY,,,,
970,DGNS,,,,
971,DGRE,,,,
972,DGRS,,,,
973,DGRW,,,,
974,DHC,,,,
975,DHCNI,,,,
976,DHCNL,,,,
977,DHIL,,,,
978,DINT,,,,
979,DIOD,,,,
980,DISCA,,,,
981,DISCB,,,,
982,DISCK,,,,
983,DISH,,,,
984,DJCO,,,,
985,DKNG,,,,
986,DLHC,,,,
987,DLPN,,,,
988,DLPNW,,,,
989,DLTH,,,,
990,DLTR,,,,
991,DMAC,,,,
992,DMLP,,,,
993,DMRC,,,,
994,DMTK,,,,
995,DMXF,,,,
996,DNKN,,,,
997,DNLI,,,,
998,DOCU,,,,
999,DOGZ,,,,
1000,DOMO,,,,
1001,DOOO,,,,
1002,DORM,,,,
1003,DOX,,,,
1004,DOYU,,,,
1005,DRAD,,,,
1006,DRADP,,,,
1007,DRIO,,,,
1008,DRIOW,,,,
1009,DRIV,,,,
1010,DRNA,,,,
1011,DRRX,,,,
1012,DRTT,,,,
1013,DSACU,,,,
1014,DSGX,,,,
1015,DSKE,,,,
1016,DSKEW,,,,
1017,DSPG,,,,
1018,DSWL,,,,
1019,DTEA,,,,
1020,DTIL,,,,
1021,DTSS,,,,
1022,DUO,,,,
1023,DUOT,,,,
1024,DUSA,,,,
1025,DVAX,,,,
1026,DVLU,,,,
1027,DVOL,,,,
1028,DVY,,,,
1029,DWAS,,,,
1030,DWAT,,,,
1031,DWAW,,,,
1032,DWCR,,,,
1033,DWEQ,,,,
1034,DWFI,,,,
1035,DWLD,,,,
1036,DWMC,,,,
1037,DWPP,,,,
1038,DWSH,,,,
1039,DWSN,,,,
1040,DWUS,,,,
1041,DXCM,,,,
1042,DXGE,,,,
1043,DXJS,,,,
1044,DXLG,,,,
1045,DXPE,,,,
1046,DXYN,,,,
1047,DYAI,,,,
1048,DYN,,,,
1049,DYNT,,,,
1050,DZSI,,,,
1051,EA,,,,
1052,EAR,,,,
1053,EARS,,,,
1054,EAST,,,,
1055,EBAY,,,,
1056,EBAYL,,,,
1057,EBC,,,,
1058,EBIX,,,,
1059,EBIZ,,,,
1060,EBMT,,,,
1061,EBON,,,,
1062,EBSB,,,,
1063,EBTC,,,,
1064,ECHO,,,,
1065,ECOL,,,,
1066,ECOLW,,,,
1067,ECOR,,,,
1068,ECOW,,,,
1069,ECPG,,,,
1070,EDAP,,,,
1071,EDIT,,,,
1072,EDOC,,,,
1073,EDRY,,,,
1074,EDSA,,,,
1075,EDTK,,,,
1076,EDUC,,,,
1077,EDUT,,,,
1078,EEFT,,,,
1079,EEMA,,,,
1080,EFAS,,,,
1081,EFOI,,,,
1082,EFSC,,,,
1083,EGAN,,,,
1084,EGBN,,,,
1085,EGLE,,,,
1086,EGOV,,,,
1087,EGRX,,,,
1088,EH,,,,
1089,EHTH,,,,
1090,EIDX,,,,
1091,EIGI,,,,
1092,EIGR,,,,
1093,EKSO,,,,
1094,ELOX,,,,
1095,ELSE,,,,
1096,ELTK,,,,
1097,ELYS,,,,
1098,EMB,,,,
1099,EMCB,,,,
1100,EMCF,,,,
1101,EMIF,,,,
1102,EMKR,,,,
1103,EML,,,,
1104,EMXC,,,,
1105,EMXF,,,,
1106,ENDP,,,,
1107,ENG,,,,
1108,ENLV,,,,
1109,ENOB,,,,
1110,ENPH,,,,
1111,ENSG,,,,
1112,ENTA,,,,
1113,ENTG,,,,
1114,ENTX,,,,
1115,ENTXW,,,,
1116,ENZL,,,,
1117,EOLS,,,,
1118,EOSE,,,,
1119,EOSEW,,,,
1120,EPAY,,,,
1121,EPIX,,,,
1122,EPSN,,,,
1123,EPZM,,,,
1124,EQ,,,,
1125,EQBK,,,,
1126,EQIX,,,,
1127,EQOS,,,,
1128,EQOSW,,,,
1129,EQRR,,,,
1130,ERES,,,,
1131,ERESU,,,,
1132,ERESW,,,,
1133,ERIC,,,,
1134,ERIE,,,,
1135,ERII,,,,
1136,ERYP,,,,
1137,ESBK,,,,
1138,ESCA,,,,
1139,ESEA,,,,
1140,ESGD,,,,
1141,ESGE,,,,
1142,ESGR,,,,
1143,ESGRO,,,,
1144,ESGRP,,,,
1145,ESGU,,,,
1146,ESLT,,,,
1147,ESPO,,,,
1148,ESPR,,,,
1149,ESQ,,,,
1150,ESSA,,,,
1151,ESSC,,,,
1152,ESSCR,,,,
1153,ESSCU,,,,
1154,ESSCW,,,,
1155,ESTA,,,,
1156,ESXB,,,,
1157,ETAC,,,,
1158,ETACU,,,,
1159,ETACW,,,,
1160,ETNB,,,,
1161,ETON,,,,
1162,ETSY,,,,
1163,ETTX,,,,
1164,EUCRU,,,,
1165,EUFN,,,,
1166,EVBG,,,,
1167,EVER,,,,
1168,EVFM,,,,
1169,EVGBC,,,,
1170,EVGN,,,,
1171,EVK,,,,
1172,EVLMC,,,,
1173,EVLO,,,,
1174,EVOK,,,,
1175,EVOL,,,,
1176,EVOP,,,,
1177,EVSTC,,,,
1178,EWBC,,,,
1179,EWEB,,,,
1180,EWJE,,,,
1181,EWJV,,,,
1182,EWZS,,,,
1183,EXAS,,,,
1184,EXC,,,,
1185,EXEL,,,,
1186,EXFO,,,,
1187,EXLS,,,,
1188,EXPC,,,,
1189,EXPCU,,,,
1190,EXPCW,,,,
1191,EXPD,,,,
1192,EXPE,,,,
1193,EXPI,,,,
1194,EXPO,,,,
1195,EXTR,,,,
1196,EYE,,,,
1197,EYEG,,,,
1198,EYEN,,,,
1199,EYES,,,,
1200,EYESW,,,,
1201,EYPT,,,,
1202,EZPW,,,,
1203,FAAR,,,,
1204,FAB,,,,
1205,FAD,,,,
1206,FALN,,,,
1207,FAMI,,,,
1208,FANG,,,,
1209,FANH,,,,
1210,FARM,,,,
1211,FARO,,,,
1212,FAST,,,,
1213,FAT,,,,
1214,FATBP,,,,
1215,FATBW,,,,
1216,FATE,,,,
1217,FB,,,,
1218,FBIO,,,,
1219,FBIOP,,,,
1220,FBIZ,,,,
1221,FBMS,,,,
1222,FBNC,,,,
1223,FBRX,,,,
1224,FBSS,,,,
1225,FBZ,,,,
1226,FCA,,,,
1227,FCACU,,,,
1228,FCAL,,,,
1229,FCAP,,,,
1230,FCBC,,,,
1231,FCBP,,,,
1232,FCCO,,,,
1233,FCCY,,,,
1234,FCEF,,,,
1235,FCEL,,,,
1236,FCFS,,,,
1237,FCNCA,,,,
1238,FCNCP,,,,
1239,FCRD,,,,
1240,FCVT,,,,
1241,FDBC,,,,
1242,FDIV,,,,
1243,FDNI,,,,
1244,FDT,,,,
1245,FDTS,,,,
1246,FDUS,,,,
1247,FDUSG,,,,
1248,FDUSL,,,,
1249,FDUSZ,,,,
1250,FEIM,,,,
1251,FELE,,,,
1252,FEM,,,,
1253,FEMB,,,,
1254,FEMS,,,,
1255,FENC,,,,
1256,FEP,,,,
1257,FEUZ,,,,
1258,FEX,,,,
1259,FEYE,,,,
1260,FFBC,,,,
1261,FFBW,,,,
1262,FFHL,,,,
1263,FFIC,,,,
1264,FFIN,,,,
1265,FFIV,,,,
1266,FFNW,,,,
1267,FFWM,,,,
1268,FGBI,,,,
1269,FGEN,,,,
1270,FGM,,,,
1271,FHB,,,,
1272,FHTX,,,,
1273,FIBK,,,,
1274,FID,,,,
1275,FIII,,,,
1276,FIIIU,,,,
1277,FIIIW,,,,
1278,FINX,,,,
1279,FISI,,,,
1280,FISV,,,,
1281,FITB,,,,
1282,FITBI,,,,
1283,FITBO,,,,
1284,FITBP,,,,
1285,FIVE,,,,
1286,FIVN,,,,
1287,FIXD,,,,
1288,FIXX,,,,
1289,FIZZ,,,,
1290,FJP,,,,
1291,FKU,,,,
1292,FLDM,,,,
1293,FLEX,,,,
1294,FLGT,,,,
1295,FLIC,,,,
1296,FLIR,,,,
1297,FLL,,,,
1298,FLMN,,,,
1299,FLMNW,,,,
1300,FLN,,,,
1301,FLNT,,,,
1302,FLUX,,,,
1303,FLWS,,,,
1304,FLXN,,,,
1305,FLXS,,,,
1306,FMAO,,,,
1307,FMB,,,,
1308,FMBH,,,,
1309,FMBI,,,,
1310,FMBIO,,,,
1311,FMBIP,,,,
1312,FMHI,,,,
1313,FMK,,,,
1314,FMNB,,,,
1315,FMTX,,,,
1316,FNCB,,,,
1317,FNHC,,,,
1318,FNK,,,,
1319,FNKO,,,,
1320,FNLC,,,,
1321,FNWB,,,,
1322,FNX,,,,
1323,FNY,,,,
1324,FOCS,,,,
1325,FOLD,,,,
1326,FONR,,,,
1327,FORD,,,,
1328,FORK,,,,
1329,FORM,,,,
1330,FORR,,,,
1331,FORTY,,,,
1332,FOSL,,,,
1333,FOX,,,,
1334,FOXA,,,,
1335,FOXF,,,,
1336,FPA,,,,
1337,FPAY,,,,
1338,FPRX,,,,
1339,FPXE,,,,
1340,FPXI,,,,
1341,FRAF,,,,
1342,FRAN,,,,
1343,FRBA,,,,
1344,FRBK,,,,
1345,FREE,,,,
1346,FREEW,,,,
1347,FREQ,,,,
1348,FRG,,,,
1349,FRGAP,,,,
1350,FRGI,,,,
1351,FRHC,,,,
1352,FRLN,,,,
1353,FRME,,,,
1354,FROG,,,,
1355,FRPH,,,,
1356,FRPT,,,,
1357,FRSX,,,,
1358,FRTA,,,,
1359,FSBW,,,,
1360,FSDC,,,,
1361,FSEA,,,,
1362,FSFG,,,,
1363,FSLR,,,,
1364,FSRV,,,,
1365,FSRVU,,,,
1366,FSRVW,,,,
1367,FSTR,,,,
1368,FSV,,,,
1369,FSZ,,,,
1370,FTA,,,,
1371,FTAG,,,,
1372,FTC,,,,
1373,FTCS,,,,
1374,FTDR,,,,
1375,FTEK,,,,
1376,FTFT,,,,
1377,FTGC,,,,
1378,FTHI,,,,
1379,FTHM,,,,
1380,FTIV,,,,
1381,FTIVU,,,,
1382,FTIVW,,,,
1383,FTLB,,,,
1384,FTNT,,,,
1385,FTOC,,,,
1386,FTOCU,,,,
1387,FTOCW,,,,
1388,FTRI,,,,
1389,FTSL,,,,
1390,FTSM,,,,
1391,FTXD,,,,
1392,FTXG,,,,
1393,FTXH,,,,
1394,FTXL,,,,
1395,FTXN,,,,
1396,FTXO,,,,
1397,FTXR,,,,
1398,FULC,,,,
1399,FULT,,,,
1400,FULTP,,,,
1401,FUNC,,,,
1402,FUND,,,,
1403,FUSB,,,,
1404,FUSN,,,,
1405,FUTU,,,,
1406,FUV,,,,
1407,FV,,,,
1408,FVAM,,,,
1409,FVC,,,,
1410,FVCB,,,,
1411,FVE,,,,
1412,FWONA,,,,
1413,FWONK,,,,
1414,FWP,,,,
1415,FWRD,,,,
1416,FXNC,,,,
1417,FYC,,,,
1418,FYT,,,,
1419,FYX,,,,
1420,GABC,,,,
1421,GAIA,,,,
1422,GAIN,,,,
1423,GAINL,,,,
1424,GAINM,,,,
1425,GALT,,,,
1426,GAN,,,,
1427,GASS,,,,
1428,GBCI,,,,
1429,GBDC,,,,
1430,GBIO,,,,
1431,GBLI,,,,
1432,GBLIL,,,,
1433,GBT,,,,
1434,GCBC,,,,
1435,GCMG,,,,
1436,GCMGW,,,,
1437,GDEN,,,,
1438,GDRX,,,,
1439,GDS,,,,
1440,GDYN,,,,
1441,GDYNW,,,,
1442,GEC,,,,
1443,GECC,,,,
1444,GECCL,,,,
1445,GECCM,,,,
1446,GECCN,,,,
1447,GENC,,,,
1448,GENE,,,,
1449,GENY,,,,
1450,GEOS,,,,
1451,GERN,,,,
1452,GEVO,,,,
1453,GFED,,,,
1454,GFN,,,,
1455,GFNCP,,,,
1456,GFNSL,,,,
1457,GFNSZ,,,,
1458,GGAL,,,,
1459,GH,,,,
1460,GHIV,,,,
1461,GHIVU,,,,
1462,GHIVW,,,,
1463,GHSI,,,,
1464,GIFI,,,,
1465,GIGE,,,,
1466,GIGM,,,,
1467,GIII,,,,
1468,GILD,,,,
1469,GILT,,,,
1470,GLAD,,,,
1471,GLADD,,,,
1472,GLADL,,,,
1473,GLBS,,,,
1474,GLBZ,,,,
1475,GLDD,,,,
1476,GLDI,,,,
1477,GLG,,,,
1478,GLIBA,,,,
1479,GLIBP,,,,
1480,GLMD,,,,
1481,GLNG,,,,
1482,GLPG,,,,
1483,GLPI,,,,
1484,GLRE,,,,
1485,GLSI,,,,
1486,GLTO,,,,
1487,GLUU,,,,
1488,GLYC,,,,
1489,GMAB,,,,
1490,GMBL,,,,
1491,GMBLW,,,,
1492,GMDA,,,,
1493,GMHI,,,,
1494,GMHIU,,,,
1495,GMHIW,,,,
1496,GMLP,,,,
1497,GMLPP,,,,
1498,GNCA,,,,
1499,GNFT,,,,
1500,GNLN,,,,
1501,GNMA,,,,
1502,GNMK,,,,
1503,GNOM,,,,
1504,GNPX,,,,
1505,GNRS,,,,
1506,GNRSU,,,,
1507,GNRSW,,,,
1508,GNSS,,,,
1509,GNTX,,,,
1510,GNTY,,,,
1511,GNUS,,,,
1512,GO,,,,
1513,GOCO,,,,
1514,GOGL,,,,
1515,GOGO,,,,
1516,GOOD,,,,
1517,GOODM,,,,
1518,GOODN,,,,
1519,GOOG,,,,
1520,GOOGL,,,,
1521,GOSS,,,,
1522,GOVX,,,,
1523,GOVXW,,,,
1524,GP,,,,
1525,GPOR,,,,
1526,GPP,,,,
1527,GPRE,,,,
1528,GPRO,,,,
1529,GRAY,,,,
1530,GRBK,,,,
1531,GRCY,,,,
1532,GRCYU,,,,
1533,GRCYW,,,,
1534,GRFS,,,,
1535,GRID,,,,
1536,GRIF,,,,
1537,GRIL,,,,
1538,GRIN,,,,
1539,GRMN,,,,
1540,GRNQ,,,,
1541,GRNV,,,,
1542,GRNVR,,,,
1543,GRNVU,,,,
1544,GRNVW,,,,
1545,GROW,,,,
1546,GRPN,,,,
1547,GRSV,,,,
1548,GRSVU,,,,
1549,GRSVW,,,,
1550,GRTS,,,,
1551,GRTX,,,,
1552,GRVY,,,,
1553,GRWG,,,,
1554,GSBC,,,,
1555,GSHD,,,,
1556,GSIT,,,,
1557,GSKY,,,,
1558,GSM,,,,
1559,GSMG,,,,
1560,GSMGW,,,,
1561,GSUM,,,,
1562,GT,,,,
1563,GTEC,,,,
1564,GTH,,,,
1565,GTHX,,,,
1566,GTIM,,,,
1567,GTLS,,,,
1568,GTYH,,,,
1569,GURE,,,,
1570,GVP,,,,
1571,GWACU,,,,
1572,GWGH,,,,
1573,GWPH,,,,
1574,GWRS,,,,
1575,GXGX,,,,
1576,GXGXU,,,,
1577,GXGXW,,,,
1578,GXTG,,,,
1579,GYRO,,,,
1580,HA,,,,
1581,HAACU,,,,
1582,HAFC,,,,
1583,HAIN,,,,
1584,HALL,,,,
1585,HALO,,,,
1586,HAPP,,,,
1587,HARP,,,,
1588,HAS,,,,
1589,HAYN,,,,
1590,HBAN,,,,
1591,HBANN,,,,
1592,HBANO,,,,
1593,HBCP,,,,
1594,HBIO,,,,
1595,HBMD,,,,
1596,HBNC,,,,
1597,HBP,,,,
1598,HBT,,,,
1599,HCAC,,,,
1600,HCACU,,,,
1601,HCACW,,,,
1602,HCAP,,,,
1603,HCAPZ,,,,
1604,HCAT,,,,
1605,HCCH,,,,
1606,HCCHR,,,,
1607,HCCHU,,,,
1608,HCCHW,,,,
1609,HCCI,,,,
1610,HCDI,,,,
1611,HCKT,,,,
1612,HCM,,,,
1613,HCSG,,,,
1614,HDS,,,,
1615,HDSN,,,,
1616,HEAR,,,,
1617,HEC,,,,
1618,HECCU,,,,
1619,HECCW,,,,
1620,HEES,,,,
1621,HELE,,,,
1622,HEPA,,,,
1623,HERD,,,,
1624,HERO,,,,
1625,HEWG,,,,
1626,HFBL,,,,
1627,HFFG,,,,
1628,HFWA,,,,
1629,HGBL,,,,
1630,HGEN,,,,
1631,HGSH,,,,
1632,HHR,,,,
1633,HIBB,,,,
1634,HIFS,,,,
1635,HIHO,,,,
1636,HIMX,,,,
1637,HJLI,,,,
1638,HJLIW,,,,
1639,HLAL,,,,
1640,HLG,,,,
1641,HLIO,,,,
1642,HLIT,,,,
1643,HLNE,,,,
1644,HLXA,,,,
1645,HMHC,,,,
1646,HMNF,,,,
1647,HMST,,,,
1648,HMSY,,,,
1649,HMTV,,,,
1650,HNDL,,,,
1651,HNNA,,,,
1652,HNRG,,,,
1653,HOFT,,,,
1654,HOFV,,,,
1655,HOFVW,,,,
1656,HOL,,,,
1657,HOLI,,,,
1658,HOLUU,,,,
1659,HOLUW,,,,
1660,HOLX,,,,
1661,HOMB,,,,
1662,HONE,,,,
1663,HOOK,,,,
1664,HOPE,,,,
1665,HOTH,,,,
1666,HOVNP,,,,
1667,HPK,,,,
1668,HPKEW,,,,
1669,HQI,,,,
1670,HQY,,,,
1671,HRMY,,,,
1672,HROW,,,,
1673,HRTX,,,,
1674,HRZN,,,,
1675,HSAQ,,,,
1676,HSDT,,,,
1677,HSIC,,,,
1678,HSII,,,,
1679,HSKA,,,,
1680,HSON,,,,
1681,HST,,,,
1682,HSTM,,,,
1683,HSTO,,,,
1684,HTBI,,,,
1685,HTBK,,,,
1686,HTBX,,,,
1687,HTGM,,,,
1688,HTHT,,,,
1689,HTIA,,,,
1690,HTLD,,,,
1691,HTLF,,,,
1692,HTLFP,,,,
1693,HUBG,,,,
1694,HUGE,,,,
1695,HUIZ,,,,
1696,HURC,,,,
1697,HURN,,,,
1698,HUSN,,,,
1699,HVBC,,,,
1700,HWBK,,,,
1701,HWC,,,,
1702,HWCC,,,,
1703,HWCPL,,,,
1704,HWCPZ,,,,
1705,HWKN,,,,
1706,HX,,,,
1707,HYAC,,,,
1708,HYACU,,,,
1709,HYACW,,,,
1710,HYLS,,,,
1711,HYMC,,,,
1712,HYMCW,,,,
1713,HYMCZ,,,,
1714,HYRE,,,,
1715,HYXF,,,,
1716,HYZD,,,,
1717,HZNP,,,,
1718,IAC,,,,
1719,IART,,,,
1720,IBB,,,,
1721,IBBJ,,,,
1722,IBCP,,,,
1723,IBEX,,,,
1724,IBKR,,,,
1725,IBOC,,,,
1726,IBTA,,,,
1727,IBTB,,,,
1728,IBTD,,,,
1729,IBTE,,,,
1730,IBTF,,,,
1731,IBTG,,,,
1732,IBTH,,,,
1733,IBTI,,,,
1734,IBTJ,,,,
1735,IBTK,,,,
1736,IBTX,,,,
1737,ICAD,,,,
1738,ICBK,,,,
1739,ICCC,,,,
1740,ICCH,,,,
1741,ICFI,,,,
1742,ICHR,,,,
1743,ICLK,,,,
1744,ICLN,,,,
1745,ICLR,,,,
1746,ICMB,,,,
1747,ICON,,,,
1748,ICPT,,,,
1749,ICUI,,,,
1750,IDCC,,,,
1751,IDEX,,,,
1752,IDLB,,,,
1753,IDN,,,,
1754,IDRA,,,,
1755,IDXG,,,,
1756,IDXX,,,,
1757,IDYA,,,,
1758,IEA,,,,
1759,IEAWW,,,,
1760,IEC,,,,
1761,IEF,,,,
1762,IEI,,,,
1763,IEP,,,,
1764,IESC,,,,
1765,IEUS,,,,
1766,IFGL,,,,
1767,IFMK,,,,
1768,IFRX,,,,
1769,IFV,,,,
1770,IGACU,,,,
1771,IGF,,,,
1772,IGIB,,,,
1773,IGIC,,,,
1774,IGICW,,,,
1775,IGMS,,,,
1776,IGOV,,,,
1777,IGSB,,,,
1778,IHRT,,,,
1779,III,,,,
1780,IIIN,,,,
1781,IIIV,,,,
1782,IIN,,,,
1783,IIVI,,,,
1784,IIVIP,,,,
1785,IJT,,,,
1786,IKNX,,,,
1787,ILMN,,,,
1788,ILPT,,,,
1789,IMAB,,,,
1790,IMAC,,,,
1791,IMACW,,,,
1792,IMBI,,,,
1793,IMGN,,,,
1794,IMKTA,,,,
1795,IMMP,,,,
1796,IMMR,,,,
1797,IMNM,,,,
1798,IMOS,,,,
1799,IMRA,,,,
1800,IMRN,,,,
1801,IMRNW,,,,
1802,IMTE,,,,
1803,IMTX,,,,
1804,IMTXW,,,,
1805,IMUX,,,,
1806,IMV,,,,
1807,IMVT,,,,
1808,IMXI,,,,
1809,INAQ,,,,
1810,INAQU,,,,
1811,INAQW,,,,
1812,INBK,,,,
1813,INBKL,,,,
1814,INBKZ,,,,
1815,INBX,,,,
1816,INCY,,,,
1817,INDB,,,,
1818,INDY,,,,
1819,INFI,,,,
1820,INFN,,,,
1821,INFR,,,,
1822,INGN,,,,
1823,INM,,,,
1824,INMB,,,,
1825,INMD,,,,
1826,INO,,,,
1827,INOD,,,,
1828,INOV,,,,
1829,INPX,,,,
1830,INSE,,,,
1831,INSG,,,,
1832,INSM,,,,
1833,INTC,,,,
1834,INTG,,,,
1835,INTU,,,,
1836,INTZ,,,,
1837,INVA,,,,
1838,INVE,,,,
1839,INVO,,,,
1840,INZY,,,,
1841,IONS,,,,
1842,IOSP,,,,
1843,IOVA,,,,
1844,IPAR,,,,
1845,IPDN,,,,
1846,IPGP,,,,
1847,IPHA,,,,
1848,IPHI,,,,
1849,IPKW,,,,
1850,IPLDP,,,,
1851,IPWR,,,,
1852,IQ,,,,
1853,IRBT,,,,
1854,IRCP,,,,
1855,IRDM,,,,
1856,IRIX,,,,
1857,IRMD,,,,
1858,IROQ,,,,
1859,IRTC,,,,
1860,IRWD,,,,
1861,ISBC,,,,
1862,ISDX,,,,
1863,ISEE,,,,
1864,ISEM,,,,
1865,ISHG,,,,
1866,ISIG,,,,
1867,ISNS,,,,
1868,ISRG,,,,
1869,ISSC,,,,
1870,ISTB,,,,
1871,ISTR,,,,
1872,ITAC,,,,
1873,ITACU,,,,
1874,ITACW,,,,
1875,ITCI,,,,
1876,ITI,,,,
1877,ITIC,,,,
1878,ITMR,,,,
1879,ITOS,,,,
1880,ITRI,,,,
1881,ITRM,,,,
1882,ITRN,,,,
1883,IUS,,,,
1884,IUSB,,,,
1885,IUSG,,,,
1886,IUSS,,,,
1887,IUSV,,,,
1888,IVA,,,,
1889,IVAC,,,,
1890,IXUS,,,,
1891,IZEA,,,,
1892,JACK,,,,
1893,JAGX,,,,
1894,JAKK,,,,
1895,JAMF,,,,
1896,JAN,,,,
1897,JAZZ,,,,
1898,JBHT,,,,
1899,JBLU,,,,
1900,JBSS,,,,
1901,JCOM,,,,
1902,JCS,,,,
1903,JCTCF,,,,
1904,JD,,,,
1905,JFIN,,,,
1906,JFU,,,,
1907,JG,,,,
1908,JJSF,,,,
1909,JKHY,,,,
1910,JKI,,,,
1911,JMPNL,,,,
1912,JMPNZ,,,,
1913,JNCE,,,,
1914,JOBS,,,,
1915,JOET,,,,
1916,JOUT,,,,
1917,JRJC,,,,
1918,JRSH,,,,
1919,JRVR,,,,
1920,JSM,,,,
1921,JSMD,,,,
1922,JSML,,,,
1923,JUPW,,,,
1924,JUPWW,,,,
1925,JVA,,,,
1926,JYNT,,,,
1927,KALA,,,,
1928,KALU,,,,
1929,KALV,,,,
1930,KBAL,,,,
1931,KBNT,,,,
1932,KBNTW,,,,
1933,KBSF,,,,
1934,KBWB,,,,
1935,KBWD,,,,
1936,KBWP,,,,
1937,KBWR,,,,
1938,KBWY,,,,
1939,KC,,,,
1940,KCAPL,,,,
1941,KDMN,,,,
1942,KDNY,,,,
1943,KDP,,,,
1944,KE,,,,
1945,KELYA,,,,
1946,KELYB,,,,
1947,KEQU,,,,
1948,KERN,,,,
1949,KERNW,,,,
1950,KFFB,,,,
1951,KFRC,,,,
1952,KHC,,,,
1953,KIDS,,,,
1954,KIN,,,,
1955,KINS,,,,
1956,KIRK,,,,
1957,KLAC,,,,
1958,KLDO,,,,
1959,KLIC,,,,
1960,KLXE,,,,
1961,KMDA,,,,
1962,KNDI,,,,
1963,KNSA,,,,
1964,KNSL,,,,
1965,KOD,,,,
1966,KOPN,,,,
1967,KOR,,,,
1968,KOSS,,,,
1969,KPTI,,,,
1970,KRBP,,,,
1971,KRKR,,,,
1972,KRMA,,,,
1973,KRMD,,,,
1974,KRNT,,,,
1975,KRNY,,,,
1976,KRON,,,,
1977,KROS,,,,
1978,KRTX,,,,
1979,KRUS,,,,
1980,KRYS,,,,
1981,KSMT,,,,
1982,KSMTU,,,,
1983,KSMTW,,,,
1984,KSPN,,,,
1985,KTCC,,,,
1986,KTOS,,,,
1987,KTOV,,,,
1988,KTOVW,,,,
1989,KTRA,,,,
1990,KURA,,,,
1991,KVHI,,,,
1992,KXIN,,,,
1993,KYMR,,,,
1994,KZIA,,,,
1995,KZR,,,,
1996,LACQ,,,,
1997,LACQU,,,,
1998,LACQW,,,,
1999,LAKE,,,,
2000,LAMR,,,,
2001,LANC,,,,
2002,LAND,,,,
2003,LANDO,,,,
2004,LANDP,,,,
2005,LARK,,,,
2006,LASR,,,,
2007,LATN,,,,
2008,LATNU,,,,
2009,LATNW,,,,
2010,LAUR,,,,
2011,LAWS,,,,
2012,LAZY,,,,
2013,LBAI,,,,
2014,LBC,,,,
2015,LBRDA,,,,
2016,LBRDK,,,,
2017,LBTYA,,,,
2018,LBTYB,,,,
2019,LBTYK,,,,
2020,LCA,,,,
2021,LCAHU,,,,
2022,LCAHW,,,,
2023,LCAP,,,,
2024,LCAPU,,,,
2025,LCAPW,,,,
2026,LCNB,,,,
2027,LCUT,,,,
2028,LCYAU,,,,
2029,LDEM,,,,
2030,LDSF,,,,
2031,LE,,,,
2032,LECO,,,,
2033,LEDS,,,,
2034,LEGH,,,,
2035,LEGN,,,,
2036,LEGR,,,,
2037,LESL,,,,
2038,LEVL,,,,
2039,LEVLP,,,,
2040,LFAC,,,,
2041,LFACU,,,,
2042,LFACW,,,,
2043,LFTRU,,,,
2044,LFUS,,,,
2045,LFVN,,,,
2046,LGHL,,,,
2047,LGHLW,,,,
2048,LGIH,,,,
2049,LGND,,,,
2050,LHCG,,,,
2051,LI,,,,
2052,LIFE,,,,
2053,LILA,,,,
2054,LILAK,,,,
2055,LINC,,,,
2056,LIND,,,,
2057,LIQT,,,,
2058,LITE,,,,
2059,LIVE,,,,
2060,LIVK,,,,
2061,LIVKU,,,,
2062,LIVKW,,,,
2063,LIVN,,,,
2064,LIVX,,,,
2065,LIZI,,,,
2066,LJPC,,,,
2067,LKCO,,,,
2068,LKFN,,,,
2069,LKQ,,,,
2070,LLIT,,,,
2071,LLNW,,,,
2072,LMAT,,,,
2073,LMB,,,,
2074,LMBS,,,,
2075,LMFA,,,,
2076,LMNL,,,,
2077,LMNR,,,,
2078,LMNX,,,,
2079,LMPX,,,,
2080,LMRK,,,,
2081,LMRKN,,,,
2082,LMRKO,,,,
2083,LMRKP,,,,
2084,LMST,,,,
2085,LNDC,,,,
2086,LNGR,,,,
2087,LNSR,,,,
2088,LNT,,,,
2089,LNTH,,,,
2090,LOAC,,,,
2091,LOACR,,,,
2092,LOACU,,,,
2093,LOACW,,,,
2094,LOAN,,,,
2095,LOB,,,,
2096,LOCO,,,,
2097,LOGC,,,,
2098,LOGI,,,,
2099,LOOP,,,,
2100,LOPE,,,,
2101,LORL,,,,
2102,LOVE,,,,
2103,LPCN,,,,
2104,LPLA,,,,
2105,LPRO,,,,
2106,LPSN,,,,
2107,LPTH,,,,
2108,LPTX,,,,
2109,LQDA,,,,
2110,LQDT,,,,
2111,LRCX,,,,
2112,LRGE,,,,
2113,LRMR,,,,
2114,LSAC,,,,
2115,LSACU,,,,
2116,LSACW,,,,
2117,LSBK,,,,
2118,LSCC,,,,
2119,LSTR,,,,
2120,LSXMA,,,,
2121,LSXMB,,,,
2122,LSXMK,,,,
2123,LTBR,,,,
2124,LTRN,,,,
2125,LTRPA,,,,
2126,LTRPB,,,,
2127,LTRX,,,,
2128,LULU,,,,
2129,LUMO,,,,
2130,LUNA,,,,
2131,LUNG,,,,
2132,LUXAU,,,,
2133,LVHD,,,,
2134,LWAY,,,,
2135,LX,,,,
2136,LXEH,,,,
2137,LXRX,,,,
2138,LYFT,,,,
2139,LYL,,,,
2140,LYRA,,,,
2141,LYTS,,,,
2142,MAACU,,,,
2143,MACK,,,,
2144,MACUU,,,,
2145,MAGS,,,,
2146,MANH,,,,
2147,MANT,,,,
2148,MAR,,,,
2149,MARA,,,,
2150,MARK,,,,
2151,MARPS,,,,
2152,MASI,,,,
2153,MAT,,,,
2154,MATW,,,,
2155,MAXN,,,,
2156,MAYS,,,,
2157,MBB,,,,
2158,MBCN,,,,
2159,MBII,,,,
2160,MBIN,,,,
2161,MBINO,,,,
2162,MBINP,,,,
2163,MBIO,,,,
2164,MBNKP,,,,
2165,MBOT,,,,
2166,MBRX,,,,
2167,MBUU,,,,
2168,MBWM,,,,
2169,MCAC,,,,
2170,MCACR,,,,
2171,MCACU,,,,
2172,MCBC,,,,
2173,MCBS,,,,
2174,MCEF,,,,
2175,MCEP,,,,
2176,MCFE,,,,
2177,MCFT,,,,
2178,MCHI,,,,
2179,MCHP,,,,
2180,MCHX,,,,
2181,MCMJ,,,,
2182,MCMJW,,,,
2183,MCRB,,,,
2184,MCRI,,,,
2185,MDB,,,,
2186,MDCA,,,,
2187,MDGL,,,,
2188,MDGS,,,,
2189,MDGSW,,,,
2190,MDIA,,,,
2191,MDIV,,,,
2192,MDJH,,,,
2193,MDLZ,,,,
2194,MDNA,,,,
2195,MDRR,,,,
2196,MDRRP,,,,
2197,MDRX,,,,
2198,MDVL,,,,
2199,MDWD,,,,
2200,MDXG,,,,
2201,MEDP,,,,
2202,MEDS,,,,
2203,MEIP,,,,
2204,MELI,,,,
2205,MEOH,,,,
2206,MERC,,,,
2207,MESA,,,,
2208,MESO,,,,
2209,METC,,,,
2210,METX,,,,
2211,METXW,,,,
2212,MFH,,,,
2213,MFIN,,,,
2214,MFINL,,,,
2215,MFNC,,,,
2216,MGEE,,,,
2217,MGEN,,,,
2218,MGI,,,,
2219,MGIC,,,,
2220,MGLN,,,,
2221,MGNI,,,,
2222,MGNX,,,,
2223,MGPI,,,,
2224,MGRC,,,,
2225,MGTA,,,,
2226,MGTX,,,,
2227,MGYR,,,,
2228,MHLD,,,,
2229,MICT,,,,
2230,MIDD,,,,
2231,MIK,,,,
2232,MILN,,,,
2233,MIME,,,,
2234,MIND,,,,
2235,MINDP,,,,
2236,MIRM,,,,
2237,MIST,,,,
2238,MITK,,,,
2239,MITO,,,,
2240,MKD,,,,
2241,MKGI,,,,
2242,MKSI,,,,
2243,MKTX,,,,
2244,MLAB,,,,
2245,MLAC,,,,
2246,MLACU,,,,
2247,MLACW,,,,
2248,MLCO,,,,
2249,MLHR,,,,
2250,MLND,,,,
2251,MLVF,,,,
2252,MMAC,,,,
2253,MMLP,,,,
2254,MMSI,,,,
2255,MMYT,,,,
2256,MNCL,,,,
2257,MNCLU,,,,
2258,MNCLW,,,,
2259,MNDO,,,,
2260,MNKD,,,,
2261,MNOV,,,,
2262,MNPR,,,,
2263,MNRO,,,,
2264,MNSB,,,,
2265,MNSBP,,,,
2266,MNST,,,,
2267,MNTX,,,,
2268,MOBL,,,,
2269,MOFG,,,,
2270,MOGO,,,,
2271,MOHO,,,,
2272,MOMO,,,,
2273,MOR,,,,
2274,MORF,,,,
2275,MORN,,,,
2276,MOSY,,,,
2277,MOTNU,,,,
2278,MOTS,,,,
2279,MOXC,,,,
2280,MPAA,,,,
2281,MPB,,,,
2282,MPWR,,,,
2283,MRAM,,,,
2284,MRBK,,,,
2285,MRCC,,,,
2286,MRCCL,,,,
2287,MRCY,,,,
2288,MREO,,,,
2289,MRIN,,,,
2290,MRKR,,,,
2291,MRLN,,,,
2292,MRNA,,,,
2293,MRNS,,,,
2294,MRSN,,,,
2295,MRTN,,,,
2296,MRTX,,,,
2297,MRUS,,,,
2298,MRVL,,,,
2299,MSBI,,,,
2300,MSEX,,,,
2301,MSFT,,,,
2302,MSON,,,,
2303,MSTR,,,,
2304,MSVB,,,,
2305,MTBC,,,,
2306,MTBCP,,,,
2307,MTC,,,,
2308,MTCH,,,,
2309,MTCR,,,,
2310,MTEM,,,,
2311,MTEX,,,,
2312,MTLS,,,,
2313,MTP,,,,
2314,MTRX,,,,
2315,MTSC,,,,
2316,MTSI,,,,
2317,MTSL,,,,
2318,MU,,,,
2319,MVBF,,,,
2320,MVIS,,,,
2321,MWK,,,,
2322,MXIM,,,,
2323,MYFW,,,,
2324,MYGN,,,,
2325,MYRG,,,,
2326,MYSZ,,,,
2327,MYT,,,,
2328,NAII,,,,
2329,NAKD,,,,
2330,NAOV,,,,
2331,NARI,,,,
2332,NATH,,,,
2333,NATI,,,,
2334,NATR,,,,
2335,NAVI,,,,
2336,NBAC,,,,
2337,NBACR,,,,
2338,NBACU,,,,
2339,NBACW,,,,
2340,NBEV,,,,
2341,NBIX,,,,
2342,NBLX,,,,
2343,NBN,,,,
2344,NBRV,,,,
2345,NBSE,,,,
2346,NBTB,,,,
2347,NCBS,,,,
2348,NCMI,,,,
2349,NCNA,,,,
2350,NCNO,,,,
2351,NCSM,,,,
2352,NCTY,,,,
2353,NDAQ,,,,
2354,NDLS,,,,
2355,NDRA,,,,
2356,NDRAW,,,,
2357,NDSN,,,,
2358,NEO,,,,
2359,NEOG,,,,
2360,NEON,,,,
2361,NEOS,,,,
2362,NEPH,,,,
2363,NEPT,,,,
2364,NERV,,,,
2365,NESR,,,,
2366,NESRW,,,,
2367,NETE,,,,
2368,NEWA,,,,
2369,NEWT,,,,
2370,NEWTI,,,,
2371,NEWTL,,,,
2372,NEXT,,,,
2373,NFBK,,,,
2374,NFE,,,,
2375,NFLX,,,,
2376,NFTY,,,,
2377,NGACU,,,,
2378,NGHC,,,,
2379,NGHCN,,,,
2380,NGHCO,,,,
2381,NGHCP,,,,
2382,NGHCZ,,,,
2383,NGM,,,,
2384,NH,,,,
2385,NHIC,,,,
2386,NHICU,,,,
2387,NHICW,,,,
2388,NHLD,,,,
2389,NHLDW,,,,
2390,NHTC,,,,
2391,NICE,,,,
2392,NICK,,,,
2393,NISN,,,,
2394,NIU,,,,
2395,NK,,,,
2396,NKLA,,,,
2397,NKSH,,,,
2398,NKTR,,,,
2399,NKTX,,,,
2400,NLOK,,,,
2401,NLTX,,,,
2402,NMCI,,,,
2403,NMFC,,,,
2404,NMFCL,,,,
2405,NMIH,,,,
2406,NMMC,,,,
2407,NMMCU,,,,
2408,NMMCW,,,,
2409,NMRD,,,,
2410,NMRK,,,,
2411,NMTR,,,,
2412,NNBR,,,,
2413,NNDM,,,,
2414,NNOX,,,,
2415,NOACU,,,,
2416,NODK,,,,
2417,NOVN,,,,
2418,NOVS,,,,
2419,NOVSU,,,,
2420,NOVSW,,,,
2421,NOVT,,,,
2422,NPA,,,,
2423,NPAUU,,,,
2424,NPAWW,,,,
2425,NRBO,,,,
2426,NRC,,,,
2427,NRIM,,,,
2428,NRIX,,,,
2429,NSEC,,,,
2430,NSIT,,,,
2431,NSSC,,,,
2432,NSTG,,,,
2433,NSYS,,,,
2434,NTAP,,,,
2435,NTCT,,,,
2436,NTEC,,,,
2437,NTES,,,,
2438,NTGR,,,,
2439,NTIC,,,,
2440,NTLA,,,,
2441,NTNX,,,,
2442,NTRA,,,,
2443,NTRP,,,,
2444,NTRS,,,,
2445,NTRSO,,,,
2446,NTUS,,,,
2447,NTWK,,,,
2448,NUAN,,,,
2449,NURO,,,,
2450,NUVA,,,,
2451,NUZE,,,,
2452,NVAX,,,,
2453,NVCN,,,,
2454,NVCR,,,,
2455,NVDA,,,,
2456,NVEC,,,,
2457,NVEE,,,,
2458,NVFY,,,,
2459,NVIV,,,,
2460,NVMI,,,,
2461,NVUS,,,,
2462,NWBI,,,,
2463,NWE,,,,
2464,NWFL,,,,
2465,NWL,,,,
2466,NWLI,,,,
2467,NWPX,,,,
2468,NWS,,,,
2469,NWSA,,,,
2470,NXGN,,,,
2471,NXPI,,,,
2472,NXST,,,,
2473,NXTC,,,,
2474,NXTD,,,,
2475,NXTG,,,,
2476,NYMT,,,,
2477,NYMTM,,,,
2478,NYMTN,,,,
2479,NYMTO,,,,
2480,NYMTP,,,,
2481,NYMX,,,,
2482,OBAS,,,,
2483,OBCI,,,,
2484,OBLN,,,,
2485,OBNK,,,,
2486,OBSV,,,,
2487,OCC,,,,
2488,OCCI,,,,
2489,OCCIP,,,,
2490,OCFC,,,,
2491,OCFCP,,,,
2492,OCGN,,,,
2493,OCSI,,,,
2494,OCSL,,,,
2495,OCUL,,,,
2496,OCUP,,,,
2497,ODFL,,,,
2498,ODP,,,,
2499,ODT,,,,
2500,OEG,,,,
2501,OESX,,,,
2502,OFED,,,,
2503,OFIX,,,,
2504,OFLX,,,,
2505,OFS,,,,
2506,OFSSG,,,,
2507,OFSSI,,,,
2508,OFSSL,,,,
2509,OFSSZ,,,,
2510,OGI,,,,
2511,OIIM,,,,
2512,OKTA,,,,
2513,OLB,,,,
2514,OLD,,,,
2515,OLED,,,,
2516,OLLI,,,,
2517,OM,,,,
2518,OMAB,,,,
2519,OMCL,,,,
2520,OMER,,,,
2521,OMEX,,,,
2522,OMP,,,,
2523,ON,,,,
2524,ONB,,,,
2525,ONCR,,,,
2526,ONCS,,,,
2527,ONCT,,,,
2528,ONCY,,,,
2529,ONEM,,,,
2530,ONEQ,,,,
2531,ONEW,,,,
2532,ONTX,,,,
2533,ONTXW,,,,
2534,ONVO,,,,
2535,OPBK,,,,
2536,OPCH,,,,
2537,OPES,,,,
2538,OPESU,,,,
2539,OPESW,,,,
2540,OPGN,,,,
2541,OPHC,,,,
2542,OPI,,,,
2543,OPINI,,,,
2544,OPINL,,,,
2545,OPK,,,,
2546,OPNT,,,,
2547,OPOF,,,,
2548,OPRA,,,,
2549,OPRT,,,,
2550,OPRX,,,,
2551,OPT,,,,
2552,OPTN,,,,
2553,OPTT,,,,
2554,ORBC,,,,
2555,ORGO,,,,
2556,ORGS,,,,
2557,ORIC,,,,
2558,ORLY,,,,
2559,ORMP,,,,
2560,ORPH,,,,
2561,ORRF,,,,
2562,ORTX,,,,
2563,OSBC,,,,
2564,OSIS,,,,
2565,OSMT,,,,
2566,OSN,,,,
2567,OSPN,,,,
2568,OSS,,,,
2569,OSTK,,,,
2570,OSUR,,,,
2571,OSW,,,,
2572,OTEL,,,,
2573,OTEX,,,,
2574,OTIC,,,,
2575,OTLK,,,,
2576,OTLKW,,,,
2577,OTRAU,,,,
2578,OTRK,,,,
2579,OTRKP,,,,
2580,OTTR,,,,
2581,OVBC,,,,
2582,OVID,,,,
2583,OVLY,,,,
2584,OXBR,,,,
2585,OXBRW,,,,
2586,OXFD,,,,
2587,OXLC,,,,
2588,OXLCM,,,,
2589,OXLCO,,,,
2590,OXLCP,,,,
2591,OXSQ,,,,
2592,OXSQL,,,,
2593,OXSQZ,,,,
2594,OYST,,,,
2595,OZK,,,,
2596,PAAS,,,,
2597,PACB,,,,
2598,PACW,,,,
2599,PAE,,,,
2600,PAEWW,,,,
2601,PAHC,,,,
2602,PAIC,,,,
2603,PAICU,,,,
2604,PAICW,,,,
2605,PAND,,,,
2606,PANL,,,,
2607,PASG,,,,
2608,PATI,,,,
2609,PATK,,,,
2610,PAVM,,,,
2611,PAVMW,,,,
2612,PAVMZ,,,,
2613,PAYA,,,,
2614,PAYAW,,,,
2615,PAYS,,,,
2616,PAYX,,,,
2617,PBCT,,,,
2618,PBCTP,,,,
2619,PBFS,,,,
2620,PBHC,,,,
2621,PBIP,,,,
2622,PBPB,,,,
2623,PBTS,,,,
2624,PBYI,,,,
2625,PCAR,,,,
2626,PCB,,,,
2627,PCH,,,,
2628,PCOM,,,,
2629,PCRX,,,,
2630,PCSA,,,,
2631,PCSB,,,,
2632,PCTI,,,,
2633,PCTY,,,,
2634,PCVX,,,,
2635,PCYG,,,,
2636,PCYO,,,,
2637,PDBC,,,,
2638,PDCE,,,,
2639,PDCO,,,,
2640,PDD,,,,
2641,PDEV,,,,
2642,PDEX,,,,
2643,PDFS,,,,
2644,PDLB,,,,
2645,PDLI,,,,
2646,PDP,,,,
2647,PDSB,,,,
2648,PEBK,,,,
2649,PEBO,,,,
2650,PECK,,,,
2651,PEGA,,,,
2652,PEIX,,,,
2653,PENN,,,,
2654,PEP,,,,
2655,PERI,,,,
2656,PESI,,,,
2657,PETQ,,,,
2658,PETS,,,,
2659,PETZ,,,,
2660,PEY,,,,
2661,PEZ,,,,
2662,PFBC,,,,
2663,PFBI,,,,
2664,PFC,,,,
2665,PFF,,,,
2666,PFG,,,,
2667,PFHD,,,,
2668,PFI,,,,
2669,PFIE,,,,
2670,PFIN,,,,
2671,PFIS,,,,
2672,PFLT,,,,
2673,PFM,,,,
2674,PFMT,,,,
2675,PFPT,,,,
2676,PFSW,,,,
2677,PGC,,,,
2678,PGEN,,,,
2679,PGJ,,,,
2680,PGNY,,,,
2681,PHAS,,,,
2682,PHAT,,,,
2683,PHCF,,,,
2684,PHICU,,,,
2685,PHIO,,,,
2686,PHIOW,,,,
2687,PHO,,,,
2688,PHUN,,,,
2689,PHUNW,,,,
2690,PI,,,,
2691,PICO,,,,
2692,PID,,,,
2693,PIE,,,,
2694,PIH,,,,
2695,PIHPP,,,,
2696,PINC,,,,
2697,PIO,,,,
2698,PIRS,,,,
2699,PIXY,,,,
2700,PIZ,,,,
2701,PKBK,,,,
2702,PKOH,,,,
2703,PKW,,,,
2704,PLAB,,,,
2705,PLAY,,,,
2706,PLBC,,,,
2707,PLC,,,,
2708,PLCE,,,,
2709,PLIN,,,,
2710,PLL,,,,
2711,PLMR,,,,
2712,PLPC,,,,
2713,PLRX,,,,
2714,PLSE,,,,
2715,PLUG,,,,
2716,PLUS,,,,
2717,PLW,,,,
2718,PLXP,,,,
2719,PLXS,,,,
2720,PLYA,,,,
2721,PMBC,,,,
2722,PMD,,,,
2723,PME,,,,
2724,PMVP,,,,
2725,PNBK,,,,
2726,PNFP,,,,
2727,PNFPP,,,,
2728,PNNT,,,,
2729,PNNTG,,,,
2730,PNQI,,,,
2731,PNRG,,,,
2732,PNTG,,,,
2733,POAI,,,,
2734,PODD,,,,
2735,POLA,,,,
2736,POOL,,,,
2737,POTX,,,,
2738,POWI,,,,
2739,POWL,,,,
2740,PPBI,,,,
2741,PPC,,,,
2742,PPD,,,,
2743,PPH,,,,
2744,PPIH,,,,
2745,PPSI,,,,
2746,PRAA,,,,
2747,PRAH,,,,
2748,PRAX,,,,
2749,PRCP,,,,
2750,PRDO,,,,
2751,PRFT,,,,
2752,PRFX,,,,
2753,PRFZ,,,,
2754,PRGS,,,,
2755,PRGX,,,,
2756,PRIM,,,,
2757,PRLD,,,,
2758,PRN,,,,
2759,PROF,,,,
2760,PROG,,,,
2761,PROV,,,,
2762,PRPH,,,,
2763,PRPL,,,,
2764,PRPLW,,,,
2765,PRPO,,,,
2766,PRQR,,,,
2767,PRSC,,,,
2768,PRTA,,,,
2769,PRTC,,,,
2770,PRTH,,,,
2771,PRTK,,,,
2772,PRTS,,,,
2773,PRVB,,,,
2774,PRVL,,,,
2775,PS,,,,
2776,PSAC,,,,
2777,PSACU,,,,
2778,PSACW,,,,
2779,PSC,,,,
2780,PSCC,,,,
2781,PSCD,,,,
2782,PSCE,,,,
2783,PSCF,,,,
2784,PSCH,,,,
2785,PSCI,,,,
2786,PSCM,,,,
2787,PSCT,,,,
2788,PSCU,,,,
2789,PSEC,,,,
2790,PSET,,,,
2791,PSHG,,,,
2792,PSL,,,,
2793,PSM,,,,
2794,PSMT,,,,
2795,PSNL,,,,
2796,PSTI,,,,
2797,PSTV,,,,
2798,PSTX,,,,
2799,PT,,,,
2800,PTAC,,,,
2801,PTACU,,,,
2802,PTACW,,,,
2803,PTC,,,,
2804,PTCT,,,,
2805,PTE,,,,
2806,PTEN,,,,
2807,PTF,,,,
2808,PTGX,,,,
2809,PTH,,,,
2810,PTI,,,,
2811,PTMN,,,,
2812,PTNR,,,,
2813,PTON,,,,
2814,PTRS,,,,
2815,PTSI,,,,
2816,PTVCA,,,,
2817,PTVCB,,,,
2818,PTVE,,,,
2819,PUI,,,,
2820,PULM,,,,
2821,PUYI,,,,
2822,PVAC,,,,
2823,PVBC,,,,
2824,PWFL,,,,
2825,PWOD,,,,
2826,PXI,,,,
2827,PXLW,,,,
2828,PXS,,,,
2829,PXSAP,,,,
2830,PXSAW,,,,
2831,PY,,,,
2832,PYPD,,,,
2833,PYPL,,,,
2834,PYZ,,,,
2835,PZZA,,,,
2836,QABA,,,,
2837,QADA,,,,
2838,QADB,,,,
2839,QAT,,,,
2840,QCLN,,,,
2841,QCOM,,,,
2842,QCRH,,,,
2843,QDEL,,,,
2844,QELLU,,,,
2845,QFIN,,,,
2846,QH,,,,
2847,QIWI,,,,
2848,QK,,,,
2849,QLGN,,,,
2850,QLYS,,,,
2851,QMCO,,,,
2852,QNST,,,,
2853,QQEW,,,,
2854,QQQ,,,,
2855,QQQJ,,,,
2856,QQQM,,,,
2857,QQQN,,,,
2858,QQQX,,,,
2859,QQXT,,,,
2860,QRHC,,,,
2861,QRTEA,,,,
2862,QRTEB,,,,
2863,QRTEP,,,,
2864,QRVO,,,,
2865,QTEC,,,,
2866,QTNT,,,,
2867,QTRX,,,,
2868,QTT,,,,
2869,QUIK,,,,
2870,QUMU,,,,
2871,QURE,,,,
2872,QYLD,,,,
2873,QYLG,,,,
2874,RACA,,,,
2875,RADA,,,,
2876,RADI,,,,
2877,RAIL,,,,
2878,RAND,,,,
2879,RAPT,,,,
2880,RARE,,,,
2881,RAVE,,,,
2882,RAVN,,,,
2883,RBB,,,,
2884,RBBN,,,,
2885,RBCAA,,,,
2886,RBCN,,,,
2887,RBKB,,,,
2888,RBNC,,,,
2889,RCEL,,,,
2890,RCHGU,,,,
2891,RCII,,,,
2892,RCKT,,,,
2893,RCKY,,,,
2894,RCM,,,,
2895,RCMT,,,,
2896,RCON,,,,
2897,RDCM,,,,
2898,RDFN,,,,
2899,RDHL,,,,
2900,RDI,,,,
2901,RDIB,,,,
2902,RDNT,,,,
2903,RDUS,,,,
2904,RDVT,,,,
2905,RDVY,,,,
2906,RDWR,,,,
2907,REAL,,,,
2908,REDU,,,,
2909,REED,,,,
2910,REFR,,,,
2911,REG,,,,
2912,REGI,,,,
2913,REGN,,,,
2914,REKR,,,,
2915,RELL,,,,
2916,RELV,,,,
2917,REPH,,,,
2918,REPL,,,,
2919,RESN,,,,
2920,RETA,,,,
2921,RETO,,,,
2922,REYN,,,,
2923,RFAP,,,,
2924,RFDI,,,,
2925,RFEM,,,,
2926,RFEU,,,,
2927,RFIL,,,,
2928,RGCO,,,,
2929,RGEN,,,,
2930,RGLD,,,,
2931,RGLS,,,,
2932,RGNX,,,,
2933,RGP,,,,
2934,RIBT,,,,
2935,RICK,,,,
2936,RIDE,,,,
2937,RIDEW,,,,
2938,RIGL,,,,
2939,RILY,,,,
2940,RILYG,,,,
2941,RILYH,,,,
2942,RILYI,,,,
2943,RILYL,,,,
2944,RILYM,,,,
2945,RILYN,,,,
2946,RILYO,,,,
2947,RILYP,,,,
2948,RILYZ,,,,
2949,RING,,,,
2950,RIOT,,,,
2951,RIVE,,,,
2952,RKDA,,,,
2953,RLAY,,,,
2954,RLMD,,,,
2955,RMBI,,,,
2956,RMBL,,,,
2957,RMBS,,,,
2958,RMCF,,,,
2959,RMNI,,,,
2960,RMR,,,,
2961,RMRM,,,,
2962,RMTI,,,,
2963,RNA,,,,
2964,RNDB,,,,
2965,RNDM,,,,
2966,RNDV,,,,
2967,RNEM,,,,
2968,RNET,,,,
2969,RNLC,,,,
2970,RNLX,,,,
2971,RNMC,,,,
2972,RNSC,,,,
2973,RNST,,,,
2974,RNWK,,,,
2975,ROAD,,,,
2976,ROBT,,,,
2977,ROCH,,,,
2978,ROCHU,,,,
2979,ROCHW,,,,
2980,ROCK,,,,
2981,ROIC,,,,
2982,ROKU,,,,
2983,ROLL,,,,
2984,ROOT,,,,
2985,ROST,,,,
2986,RP,,,,
2987,RPAY,,,,
2988,RPD,,,,
2989,RPRX,,,,
2990,RPTX,,,,
2991,RRBI,,,,
2992,RRGB,,,,
2993,RRR,,,,
2994,RSSS,,,,
2995,RTH,,,,
2996,RTLR,,,,
2997,RTRX,,,,
2998,RUBY,,,,
2999,RUHN,,,,
3000,RUN,,,,
3001,RUSHA,,,,
3002,RUSHB,,,,
3003,RUTH,,,,
3004,RVMD,,,,
3005,RVNC,,,,
3006,RVSB,,,,
3007,RWLK,,,,
3008,RXT,,,,
3009,RYAAY,,,,
3010,RYTM,,,,
3011,RZLT,,,,
3012,SABR,,,,
3013,SABRP,,,,
3014,SAFM,,,,
3015,SAFT,,,,
3016,SAGE,,,,
3017,SAIA,,,,
3018,SAII,,,,
3019,SAIIU,,,,
3020,SAIIW,,,,
3021,SAL,,,,
3022,SALM,,,,
3023,SAMA,,,,
3024,SAMAU,,,,
3025,SAMAW,,,,
3026,SAMG,,,,
3027,SANM,,,,
3028,SANW,,,,
3029,SASR,,,,
3030,SATS,,,,
3031,SAVA,,,,
3032,SBAC,,,,
3033,SBBP,,,,
3034,SBCF,,,,
3035,SBFG,,,,
3036,SBGI,,,,
3037,SBLK,,,,
3038,SBLKZ,,,,
3039,SBNY,,,,
3040,SBPH,,,,
3041,SBRA,,,,
3042,SBSI,,,,
3043,SBT,,,,
3044,SBUX,,,,
3045,SCHL,,,,
3046,SCHN,,,,
3047,SCKT,,,,
3048,SCOR,,,,
3049,SCPH,,,,
3050,SCPL,,,,
3051,SCSC,,,,
3052,SCVL,,,,
3053,SCWX,,,,
3054,SCYX,,,,
3055,SCZ,,,,
3056,SDC,,,,
3057,SDG,,,,
3058,SDGR,,,,
3059,SDVY,,,,
3060,SEAC,,,,
3061,SECO,,,,
3062,SEDG,,,,
3063,SEED,,,,
3064,SEEL,,,,
3065,SEIC,,,,
3066,SELB,,,,
3067,SELF,,,,
3068,SENEA,,,,
3069,SENEB,,,,
3070,SESN,,,,
3071,SFBC,,,,
3072,SFBS,,,,
3073,SFET,,,,
3074,SFIX,,,,
3075,SFM,,,,
3076,SFNC,,,,
3077,SFST,,,,
3078,SFT,,,,
3079,SFTTW,,,,
3080,SG,,,,
3081,SGA,,,,
3082,SGBX,,,,
3083,SGC,,,,
3084,SGEN,,,,
3085,SGH,,,,
3086,SGLB,,,,
3087,SGLBW,,,,
3088,SGMA,,,,
3089,SGMO,,,,
3090,SGMS,,,,
3091,SGOC,,,,
3092,SGRP,,,,
3093,SGRY,,,,
3094,SHBI,,,,
3095,SHEN,,,,
3096,SHIP,,,,
3097,SHIPW,,,,
3098,SHIPZ,,,,
3099,SHLD,,,,
3100,SHOO,,,,
3101,SHSP,,,,
3102,SHV,,,,
3103,SHY,,,,
3104,SHYF,,,,
3105,SIBN,,,,
3106,SIC,,,,
3107,SIEB,,,,
3108,SIEN,,,,
3109,SIFY,,,,
3110,SIGA,,,,
3111,SIGI,,,,
3112,SILC,,,,
3113,SILK,,,,
3114,SIMO,,,,
3115,SINA,,,,
3116,SINO,,,,
3117,SINT,,,,
3118,SIOX,,,,
3119,SIRI,,,,
3120,SITM,,,,
3121,SIVB,,,,
3122,SIVBP,,,,
3123,SJ,,,,
3124,SKOR,,,,
3125,SKYW,,,,
3126,SKYY,,,,
3127,SLAB,,,,
3128,SLCT,,,,
3129,SLDB,,,,
3130,SLGG,,,,
3131,SLGL,,,,
3132,SLGN,,,,
3133,SLM,,,,
3134,SLMBP,,,,
3135,SLN,,,,
3136,SLNO,,,,
3137,SLP,,,,
3138,SLQD,,,,
3139,SLRC,,,,
3140,SLRX,,,,
3141,SLS,,,,
3142,SLVO,,,,
3143,SMBC,,,,
3144,SMBK,,,,
3145,SMCI,,,,
3146,SMCP,,,,
3147,SMED,,,,
3148,SMH,,,,
3149,SMID,,,,
3150,SMIT,,,,
3151,SMMC,,,,
3152,SMMCU,,,,
3153,SMMCW,,,,
3154,SMMF,,,,
3155,SMMT,,,,
3156,SMPL,,,,
3157,SMSI,,,,
3158,SMTC,,,,
3159,SMTI,,,,
3160,SMTX,,,,
3161,SNBP,,,,
3162,SNBR,,,,
3163,SNCA,,,,
3164,SNCR,,,,
3165,SND,,,,
3166,SNDE,,,,
3167,SNDL,,,,
3168,SNDX,,,,
3169,SNES,,,,
3170,SNEX,,,,
3171,SNFCA,,,,
3172,SNGX,,,,
3173,SNGXW,,,,
3174,SNLN,,,,
3175,SNOA,,,,
3176,SNPS,,,,
3177,SNSR,,,,
3178,SNSS,,,,
3179,SNUG,,,,
3180,SNY,,,,
3181,SOCL,,,,
3182,SOHO,,,,
3183,SOHOB,,,,
3184,SOHON,,,,
3185,SOHOO,,,,
3186,SOHU,,,,
3187,SOLO,,,,
3188,SOLOW,,,,
3189,SOLY,,,,
3190,SONA,,,,
3191,SONM,,,,
3192,SONN,,,,
3193,SONO,,,,
3194,SOXX,,,,
3195,SP,,,,
3196,SPCB,,,,
3197,SPFI,,,,
3198,SPI,,,,
3199,SPKE,,,,
3200,SPKEP,,,,
3201,SPLK,,,,
3202,SPNE,,,,
3203,SPNS,,,,
3204,SPOK,,,,
3205,SPPI,,,,
3206,SPQQ,,,,
3207,SPRB,,,,
3208,SPRO,,,,
3209,SPRT,,,,
3210,SPSC,,,,
3211,SPT,,,,
3212,SPTN,,,,
3213,SPWH,,,,
3214,SPWR,,,,
3215,SQBG,,,,
3216,SQFT,,,,
3217,SQLV,,,,
3218,SQQQ,,,,
3219,SRAC,,,,
3220,SRACU,,,,
3221,SRACW,,,,
3222,SRAX,,,,
3223,SRCE,,,,
3224,SRCL,,,,
3225,SRDX,,,,
3226,SRET,,,,
3227,SREV,,,,
3228,SRGA,,,,
3229,SRNE,,,,
3230,SRPT,,,,
3231,SRRA,,,,
3232,SRRK,,,,
3233,SRSAU,,,,
3234,SRTS,,,,
3235,SSB,,,,
3236,SSBI,,,,
3237,SSKN,,,,
3238,SSNC,,,,
3239,SSNT,,,,
3240,SSP,,,,
3241,SSPK,,,,
3242,SSPKU,,,,
3243,SSPKW,,,,
3244,SSRM,,,,
3245,SSSS,,,,
3246,SSTI,,,,
3247,SSYS,,,,
3248,STAA,,,,
3249,STAF,,,,
3250,STAY,,,,
3251,STBA,,,,
3252,STCN,,,,
3253,STEP,,,,
3254,STFC,,,,
3255,STIM,,,,
3256,STKL,,,,
3257,STKS,,,,
3258,STLD,,,,
3259,STMP,,,,
3260,STND,,,,
3261,STNE,,,,
3262,STOK,,,,
3263,STRA,,,,
3264,STRL,,,,
3265,STRM,,,,
3266,STRO,,,,
3267,STRS,,,,
3268,STRT,,,,
3269,STSA,,,,
3270,STTK,,,,
3271,STWO,,,,
3272,STWOU,,,,
3273,STWOW,,,,
3274,STX,,,,
3275,STXB,,,,
3276,SUMO,,,,
3277,SUMR,,,,
3278,SUNS,,,,
3279,SUNW,,,,
3280,SUPN,,,,
3281,SURF,,,,
3282,SUSB,,,,
3283,SUSC,,,,
3284,SUSL,,,,
3285,SVA,,,,
3286,SVAC,,,,
3287,SVACU,,,,
3288,SVACW,,,,
3289,SVBI,,,,
3290,SVC,,,,
3291,SVMK,,,,
3292,SVRA,,,,
3293,SVVC,,,,
3294,SWAV,,,,
3295,SWBI,,,,
3296,SWIR,,,,
3297,SWKH,,,,
3298,SWKS,,,,
3299,SWTX,,,,
3300,SXTC,,,,
3301,SY,,,,
3302,SYBT,,,,
3303,SYBX,,,,
3304,SYKE,,,,
3305,SYNA,,,,
3306,SYNC,,,,
3307,SYNH,,,,
3308,SYNL,,,,
3309,SYPR,,,,
3310,SYRS,,,,
3311,SYTA,,,,
3312,SYTAW,,,,
3313,TA,,,,
3314,TACO,,,,
3315,TACT,,,,
3316,TAIT,,,,
3317,TANH,,,,
3318,TANNI,,,,
3319,TANNL,,,,
3320,TANNZ,,,,
3321,TAOP,,,,
3322,TARA,,,,
3323,TARS,,,,
3324,TAST,,,,
3325,TATT,,,,
3326,TAYD,,,,
3327,TBBK,,,,
3328,TBIO,,,,
3329,TBK,,,,
3330,TBKCP,,,,
3331,TBLT,,,,
3332,TBLTW,,,,
3333,TBNK,,,,
3334,TBPH,,,,
3335,TC,,,,
3336,TCBI,,,,
3337,TCBIL,,,,
3338,TCBIP,,,,
3339,TCBK,,,,
3340,TCCO,,,,
3341,TCDA,,,,
3342,TCF,,,,
3343,TCFC,,,,
3344,TCFCP,,,,
3345,TCMD,,,,
3346,TCOM,,,,
3347,TCON,,,,
3348,TCPC,,,,
3349,TCRR,,,,
3350,TCX,,,,
3351,TDAC,,,,
3352,TDACU,,,,
3353,TDACW,,,,
3354,TDIV,,,,
3355,TEAM,,,,
3356,TECH,,,,
3357,TECTP,,,,
3358,TEDU,,,,
3359,TEKKU,,,,
3360,TELA,,,,
3361,TELL,,,,
3362,TENB,,,,
3363,TENX,,,,
3364,TER,,,,
3365,TESS,,,,
3366,TFFP,,,,
3367,TFSL,,,,
3368,TGA,,,,
3369,TGLS,,,,
3370,TGTX,,,,
3371,TH,,,,
3372,THBR,,,,
3373,THBRU,,,,
3374,THBRW,,,,
3375,THCA,,,,
3376,THCAU,,,,
3377,THCAW,,,,
3378,THCB,,,,
3379,THCBU,,,,
3380,THCBW,,,,
3381,THFF,,,,
3382,THMO,,,,
3383,THRM,,,,
3384,THRY,,,,
3385,THTX,,,,
3386,THWWW,,,,
3387,TIG,,,,
3388,TIGO,,,,
3389,TIGR,,,,
3390,TILE,,,,
3391,TIPT,,,,
3392,TITN,,,,
3393,TLC,,,,
3394,TLGT,,,,
3395,TLMD,,,,
3396,TLMDW,,,,
3397,TLND,,,,
3398,TLRY,,,,
3399,TLSA,,,,
3400,TLT,,,,
3401,TMDI,,,,
3402,TMDX,,,,
3403,TMPMU,,,,
3404,TMTS,,,,
3405,TMTSU,,,,
3406,TMTSW,,,,
3407,TMUS,,,,
3408,TNAV,,,,
3409,TNDM,,,,
3410,TNXP,,,,
3411,TOMZ,,,,
3412,TOPS,,,,
3413,TOTA,,,,
3414,TOTAR,,,,
3415,TOTAU,,,,
3416,TOTAW,,,,
3417,TOUR,,,,
3418,TOWN,,,,
3419,TPCO,,,,
3420,TPIC,,,,
3421,TPTX,,,,
3422,TQQQ,,,,
3423,TRCH,,,,
3424,TREE,,,,
3425,TRHC,,,,
3426,TRIB,,,,
3427,TRIL,,,,
3428,TRIP,,,,
3429,TRIT,,,,
3430,TRITW,,,,
3431,TRMB,,,,
3432,TRMD,,,,
3433,TRMK,,,,
3434,TRMT,,,,
3435,TRNS,,,,
3436,TROW,,,,
3437,TRS,,,,
3438,TRST,,,,
3439,TRUE,,,,
3440,TRUP,,,,
3441,TRVG,,,,
3442,TRVI,,,,
3443,TRVN,,,,
3444,TSBK,,,,
3445,TSC,,,,
3446,TSCAP,,,,
3447,TSCBP,,,,
3448,TSCO,,,,
3449,TSEM,,,,
3450,TSHA,,,,
3451,TSIAU,,,,
3452,TSLA,,,,
3453,TSRI,,,,
3454,TTCF,,,,
3455,TTCFW,,,,
3456,TTD,,,,
3457,TTEC,,,,
3458,TTEK,,,,
3459,TTGT,,,,
3460,TTMI,,,,
3461,TTNP,,,,
3462,TTOO,,,,
3463,TTTN,,,,
3464,TTWO,,,,
3465,TUR,,,,
3466,TURN,,,,
3467,TUSA,,,,
3468,TUSK,,,,
3469,TVTY,,,,
3470,TW,,,,
3471,TWCT,,,,
3472,TWCTU,,,,
3473,TWCTW,,,,
3474,TWIN,,,,
3475,TWNK,,,,
3476,TWNKW,,,,
3477,TWOU,,,,
3478,TWST,,,,
3479,TXG,,,,
3480,TXMD,,,,
3481,TXN,,,,
3482,TXRH,,,,
3483,TYHT,,,,
3484,TYME,,,,
3485,TZAC,,,,
3486,TZACU,,,,
3487,TZACW,,,,
3488,TZOO,,,,
3489,UAE,,,,
3490,UAL,,,,
3491,UBCP,,,,
3492,UBFO,,,,
3493,UBOH,,,,
3494,UBSI,,,,
3495,UBX,,,,
3496,UCBI,,,,
3497,UCBIO,,,,
3498,UCL,,,,
3499,UCTT,,,,
3500,UEIC,,,,
3501,UEPS,,,,
3502,UFCS,,,,
3503,UFO,,,,
3504,UFPI,,,,
3505,UFPT,,,,
3506,UG,,,,
3507,UHAL,,,,
3508,UIHC,,,,
3509,UK,,,,
3510,UKOMW,,,,
3511,ULBI,,,,
3512,ULH,,,,
3513,ULTA,,,,
3514,UMBF,,,,
3515,UMPQ,,,,
3516,UNAM,,,,
3517,UNB,,,,
3518,UNIT,,,,
3519,UNTY,,,,
3520,UONE,,,,
3521,UONEK,,,,
3522,UPLD,,,,
3523,UPWK,,,,
3524,URBN,,,,
3525,URGN,,,,
3526,UROV,,,,
3527,USAK,,,,
3528,USAP,,,,
3529,USAU,,,,
3530,USCR,,,,
3531,USEG,,,,
3532,USIG,,,,
3533,USIO,,,,
3534,USLB,,,,
3535,USLM,,,,
3536,USMC,,,,
3537,USOI,,,,
3538,USWS,,,,
3539,USWSW,,,,
3540,USXF,,,,
3541,UTHR,,,,
3542,UTMD,,,,
3543,UTSI,,,,
3544,UVSP,,,,
3545,UXIN,,,,
3546,VACQ,,,,
3547,VACQU,,,,
3548,VACQW,,,,
3549,VALU,,,,
3550,VBFC,,,,
3551,VBIV,,,,
3552,VBLT,,,,
3553,VBTX,,,,
3554,VC,,,,
3555,VCEL,,,,
3556,VCIT,,,,
3557,VCLT,,,,
3558,VCNX,,,,
3559,VCSH,,,,
3560,VCTR,,,,
3561,VCYT,,,,
3562,VECO,,,,
3563,VEON,,,,
3564,VERB,,,,
3565,VERBW,,,,
3566,VERI,,,,
3567,VERO,,,,
3568,VERU,,,,
3569,VERX,,,,
3570,VERY,,,,
3571,VETS,,,,
3572,VFF,,,,
3573,VG,,,,
3574,VGIT,,,,
3575,VGLT,,,,
3576,VGSH,,,,
3577,VIAC,,,,
3578,VIACA,,,,
3579,VIAV,,,,
3580,VICR,,,,
3581,VIE,,,,
3582,VIGI,,,,
3583,VIH,,,,
3584,VIHAU,,,,
3585,VIHAW,,,,
3586,VIOT,,,,
3587,VIR,,,,
3588,VIRC,,,,
3589,VIRT,,,,
3590,VISL,,,,
3591,VITL,,,,
3592,VIVE,,,,
3593,VIVO,,,,
3594,VJET,,,,
3595,VKTX,,,,
3596,VKTXW,,,,
3597,VLDR,,,,
3598,VLDRW,,,,
3599,VLGEA,,,,
3600,VLY,,,,
3601,VLYPO,,,,
3602,VLYPP,,,,
3603,VMAC,,,,
3604,VMACU,,,,
3605,VMACW,,,,
3606,VMBS,,,,
3607,VMD,,,,
3608,VNDA,,,,
3609,VNET,,,,
3610,VNOM,,,,
3611,VNQI,,,,
3612,VOD,,,,
3613,VONE,,,,
3614,VONG,,,,
3615,VONV,,,,
3616,VOXX,,,,
3617,VPN,,,,
3618,VRA,,,,
3619,VRAY,,,,
3620,VRCA,,,,
3621,VREX,,,,
3622,VRIG,,,,
3623,VRM,,,,
3624,VRME,,,,
3625,VRMEW,,,,
3626,VRNA,,,,
3627,VRNS,,,,
3628,VRNT,,,,
3629,VRRM,,,,
3630,VRSK,,,,
3631,VRSN,,,,
3632,VRTS,,,,
3633,VRTU,,,,
3634,VRTX,,,,
3635,VSAT,,,,
3636,VSDA,,,,
3637,VSEC,,,,
3638,VSMV,,,,
3639,VSPRU,,,,
3640,VSTA,,,,
3641,VSTM,,,,
3642,VTC,,,,
3643,VTGN,,,,
3644,VTHR,,,,
3645,VTIP,,,,
3646,VTNR,,,,
3647,VTRN,,,,
3648,VTRS,,,,
3649,VTRU,,,,
3650,VTSI,,,,
3651,VTVT,,,,
3652,VTWG,,,,
3653,VTWO,,,,
3654,VTWV,,,,
3655,VUZI,,,,
3656,VVPR,,,,
3657,VWOB,,,,
3658,VXRT,,,,
3659,VXUS,,,,
3660,VYGR,,,,
3661,VYMI,,,,
3662,VYNE,,,,
3663,WABC,,,,
3664,WAFD,,,,
3665,WAFU,,,,
3666,WASH,,,,
3667,WATT,,,,
3668,WB,,,,
3669,WBA,,,,
3670,WBND,,,,
3671,WCLD,,,,
3672,WDAY,,,,
3673,WDC,,,,
3674,WDFC,,,,
3675,WEN,,,,
3676,WERN,,,,
3677,WETF,,,,
3678,WEYS,,,,
3679,WHF,,,,
3680,WHFBZ,,,,
3681,WHLM,,,,
3682,WHLR,,,,
3683,WHLRD,,,,
3684,WHLRP,,,,
3685,WIFI,,,,
3686,WILC,,,,
3687,WIMI,,,,
3688,WINA,,,,
3689,WINC,,,,
3690,WING,,,,
3691,WINT,,,,
3692,WIRE,,,,
3693,WISA,,,,
3694,WIX,,,,
3695,WKEY,,,,
3696,WKHS,,,,
3697,WLDN,,,,
3698,WLFC,,,,
3699,WLTW,,,,
3700,WMG,,,,
3701,WNEB,,,,
3702,WOOD,,,,
3703,WORX,,,,
3704,WPRT,,,,
3705,WRLD,,,,
3706,WRTC,,,,
3707,WSBC,,,,
3708,WSBCP,,,,
3709,WSBF,,,,
3710,WSC,,,,
3711,WSFS,,,,
3712,WSG,,,,
3713,WSTG,,,,
3714,WTBA,,,,
3715,WTER,,,,
3716,WTFC,,,,
3717,WTFCM,,,,
3718,WTFCP,,,,
3719,WTRE,,,,
3720,WTREP,,,,
3721,WTRH,,,,
3722,WVE,,,,
3723,WVFC,,,,
3724,WVVI,,,,
3725,WVVIP,,,,
3726,WW,,,,
3727,WWD,,,,
3728,WWR,,,,
3729,WYNN,,,,
3730,XAIR,,,,
3731,XBIO,,,,
3732,XBIOW,,,,
3733,XBIT,,,,
3734,XCUR,,,,
3735,XEL,,,,
3736,XELA,,,,
3737,XELB,,,,
3738,XENE,,,,
3739,XENT,,,,
3740,XERS,,,,
3741,XFOR,,,,
3742,XGN,,,,
3743,XLNX,,,,
3744,XLRN,,,,
3745,XNCR,,,,
3746,XNET,,,,
3747,XOMA,,,,
3748,XONE,,,,
3749,XP,,,,
3750,XPEL,,,,
3751,XPER,,,,
3752,XRAY,,,,
3753,XSPA,,,,
3754,XT,,,,
3755,XTLB,,,,
3756,YGMZ,,,,
3757,YGYI,,,,
3758,YGYIP,,,,
3759,YI,,,,
3760,YIN,,,,
3761,YJ,,,,
3762,YLCO,,,,
3763,YLDE,,,,
3764,YMAB,,,,
3765,YNDX,,,,
3766,YORW,,,,
3767,YRCW,,,,
3768,YSACU,,,,
3769,YTEN,,,,
3770,YTRA,,,,
3771,YVR,,,,
3772,YY,,,,
3773,Z,,,,
3774,ZAGG,,,,
3775,ZAZZT,,,,
3776,ZBRA,,,,
3777,ZBZZT,,,,
3778,ZCMD,,,,
3779,ZCZZT,,,,
3780,ZEAL,,,,
3781,ZEUS,,,,
3782,ZG,,,,
3783,ZGNX,,,,
3784,ZGYH,,,,
3785,ZGYHR,,,,
3786,ZGYHU,,,,
3787,ZGYHW,,,,
3788,ZI,,,,
3789,ZION,,,,
3790,ZIONL,,,,
3791,ZIONN,,,,
3792,ZIONO,,,,
3793,ZIONP,,,,
3794,ZIOP,,,,
3795,ZIXI,,,,
3796,ZJZZT,,,,
3797,ZKIN,,,,
3798,ZLAB,,,,
3799,ZM,,,,
3800,ZNGA,,,,
3801,ZNTEU,,,,
3802,ZNTL,,,,
3803,ZS,,,,
3804,ZSAN,,,,
3805,ZUMZ,,,,
3806,ZVO,,,,
3807,ZVZZC,,,,
3808,ZVZZT,,,,
3809,ZWZZT,,,,
3810,ZXYZ.A,,,,
3811,ZXZZT,,,,
3812,ZYNE,,,,
3813,ZYXI,,,,
